name,location,rating,reviews,price (€),seats,sleep_places,driving_license,international,animals,model,year,weight (kg),fuel,km,tank (l),deposit (€),deposit_payment_method,smoking,most_reviews_year
Campervan,Lisboa,"5,0",20,60,4,3,B,sob pedido,autorizados,Westfalia Transporter,1990,"2.265,0 kg",Diesel,Desconhecido,"40,0","500,00",Dinheiro,não fumadora,2021
Autocaravana capucino,Leiria,"5,0",26,55,6,5,B,autorizada,sob pedido,Roller Team 41,2002,"3.400,0 kg",Diesel,Desconhecido,"80,0","750,00","Cartão De Crédito, Dinheiro, Transferência",não fumadora,2022
Autocaravana capucino,Carcavelos,"4,5",8,50,5,5,B,não autorizadas,sob pedido,Ford Transit 2.5,1993,"2.900,0 kg",Diesel,75-100000 km,"70,0","750,00","Dinheiro, Outros",não fumadora,2022
Autocaravana Perfilada,Corroios,"5,0",27,66,4,4,B,não autorizadas,autorizados,Ecovip Fr,1998,"3.500,0 kg",Diesel,"100-150,000 km","60,0","700,00","Dinheiro, Transferência, Outros",não fumadora,2021
Autocaravana capucino,Lisboa,"5,0",27,70,4,4,B,não autorizadas,autorizados,Challenger Challenger,2005,"3.400,0 kg",Diesel,"100-150,000 km","70,0","600,00","Dinheiro, Transferência",fumadora,2022
Campervan,Lisboa,"5,0",46,50,6,3,B,autorizada,autorizados,Campster Campster,1988,"2.390,0 kg",Gasolina,"100-150,000 km","50,0","600,00",Dinheiro,sob pedido,2022
Autocaravana Perfilada,Sobral da Abelheira,"5,0",10,80,5,5,B,autorizada,não autorizados,CARADO T334,2020,"3.495,0 kg",Diesel,15-30000 km,"70,0","1 000,00","Dinheiro, Transferência, Dinheiro, Transferência",não fumadora,2022
Autocaravana capucino,Lisboa,"5,0",37,60,6,6,B,não autorizadas,autorizados,Fiat Ducato 230,1999,"3.400,0 kg",Diesel,150-200000 km,"100,0","600,00","Dinheiro, Transferência, Outros",fumadora,2022
Campervan,Lisboa,"5,0",21,55,2,2,B,sob pedido,autorizados,Fiat Ducato,1994,"3.100,0 kg",Diesel,"200-250,000 km","70,0","500,00",Dinheiro,não fumadora,2022
Furgão transformado,Lisboa,"5,0",32,89,4,4,B,autorizada,autorizados,Fiat Ducato,2019,"3.499,0 kg",Diesel,15-30000 km,"95,0","1 750,00","Cartão De Crédito, Dinheiro, Transferência",não fumadora,2022
Campervan,Lisboa,"5,0",30,59,3,2,B,sob pedido,autorizados,Volkswagen,2000,"2.550,0 kg",Diesel,"200-250,000 km","80,0","600,00",Dinheiro,não fumadora,2022
Autocaravana Integral,Lisboa,"5,0",22,80,4,3,B,não autorizadas,não autorizados,Hymer 524,2000,"3.500,0 kg",Diesel,"100-150,000 km","70,0","1 000,00",Dinheiro,não fumadora,2022
Autocaravana capucino,Lisboa,"5,0",29,75,6,4,B,sob pedido,não autorizados,Euramobil SPRINTER 313,2005,"3.500,0 kg",Diesel,150-200000 km,"75,0","800,00",Dinheiro,não fumadora,2022
Campervan,Costa Da Caparica,"5,0",29,69,3,3,B,não autorizadas,não autorizados,Mercedes 207 D,1985,"2.550,0 kg",Diesel,"200-250,000 km","60,0","1 200,00",Transferência,não fumadora,2022
Autocaravana capucino,Lisboa,"5,0",14,60,6,6,B,sob pedido,autorizados,Fiat Ducatto,1995,"3.500,0 kg",Diesel,150-200000 km,"65,0","500,00",Dinheiro,sob pedido,2022
Campervan,Costa da Caparica,"5,0",26,54,5,3,B,não autorizadas,sob pedido,ArrVans4U Mb100d,1995,"2.650,0 kg",Diesel,"200-250,000 km","50,0","600,00","Dinheiro, Transferência",sob pedido,2022
Autocaravana Perfilada,Sintra,"5,0",16,70,4,3,B,autorizada,não autorizados,Knaus Sun Ti 650,2005,"3.500,0 kg",Diesel,75-100000 km,"100,0","1 000,00","Cartão De Crédito, Cheque, Dinheiro, Transferência",não fumadora,2022
Campervan,Lisboa,"5,0",19,65,3,3,B,sob pedido,autorizados,Ford Ford,1991,"2.600,0 kg",Diesel,150-200000 km,"70,0","550,00","Dinheiro, Outros",não fumadora,2022
Furgão transformado,Lisboa,"5,0",22,65,3,3,B,autorizada,autorizados,"Corkvan Ducato 2,3 l 120 ch",2009,"3.500,0 kg",Diesel,"200-250,000 km","90,0","1 250,00",Transferência,sob pedido,2022
Campervan,Lisboa,"5,0",5,80,4,4,B,sob pedido,sob pedido,"Fiat Ducato 2,0 l Multijet 100 ch.",2009,"3.000,0 kg",Diesel,"100-150,000 km","80,0","2 000,00",Cartão De Crédito,não fumadora,2022
Autocaravana Integral,Lisboa,"5,0",11,98,4,4,B,sob pedido,autorizados,Hymer,2007,"3.500,0 kg",Diesel,75-100000 km,"90,0","1 500,00","Dinheiro, Transferência, Outros",não fumadora,2022
Campervan,Lisboa,"5,0",22,48,3,2,B,não autorizadas,não autorizados,Volkswagen T4 2.4d,1994,"2.775,0 kg",Diesel,Mais 250.000 km,"60,0","600,00","Dinheiro, Transferência, Outros",não fumadora,2019
Autocaravana Perfilada,Lisboa,"5,0",17,110,4,4,B,sob pedido,autorizados,Bürstner It 710 G Edition 30,2019,"3.500,0 kg",Diesel,Desconhecido,"90,0","1 500,00","Dinheiro, Transferência, Outros",sob pedido,2021
Furgão transformado,Belas,"5,0",20,37,2,2,B,não autorizadas,não autorizados,Renault Kangoo,2000,"1.820,0 kg",Diesel,Mais 250.000 km,"50,0","400,00",Dinheiro,não fumadora,2022
Furgão transformado,Lisboa,"5,0",10,59,5,5,B,sob pedido,sob pedido,"Peugeot Boxer 2,2 l hdi 130 ch",2018,"3.500,0 kg",Diesel,0-15000 km,"70,0","600,00","Dinheiro, Transferência, Outros",não fumadora,2022
Campervan,Frielas,"5,0",29,29,2,2,B,não autorizadas,não autorizados,Dacia Dokker,2014,"1.959,0 kg",Diesel,Desconhecido,"50,0","500,00",Dinheiro,não fumadora,2022
Autocaravana capucino,Lisboa,"5,0",16,75,6,6,B,sob pedido,não autorizados,Chausson 03,2008,"3.500,0 kg",Diesel,30-50000 km,"80,0","1 000,00",Dinheiro,não fumadora,2022
Autocaravana Integral,Belas,"5,0",12,250,4,4,B,sob pedido,autorizados,Hymer 690,2021,"3.500,0 kg",Diesel,0-15000 km,"90,0","1 250,00","Dinheiro, Transferência",não fumadora,2022
Furgão transformado,Amadora,"5,0",27,65,4,4,B,autorizada,autorizados,"Peugeot Boxer 2,2 l 130 ch",2012,"3.500,0 kg",Diesel,"100-150,000 km","90,0","700,00","Outros, Dinheiro",não fumadora,2020
Autocaravana Perfilada,Lisboa,"5,0",29,75,4,3,B,autorizada,autorizados,Hymer T664SL,2007,"3.500,0 kg",Diesel,"100-150,000 km","100,0","1 400,00","Dinheiro, Outros",não fumadora,2022
Autocaravana Perfilada,Batalha,"5,0",12,81,4,4,B,sob pedido,não autorizados,Rapido,2008,"3.500,0 kg",Diesel,50-75000 km,"80,0","800,00",Dinheiro,não fumadora,2022
Autocaravana capucino,Santo André,"5,0",9,105,5,5,B,autorizada,autorizados,Benimar 340 Up,2018,"3.500,0 kg",Diesel,50-75000 km,"80,0","1 250,00","Dinheiro, Transferência, Outros",não fumadora,2020
Autocaravana capucino,Santo Isidoro,"5,0",8,50,4,6,B,não autorizadas,não autorizados,Moncayo Ducato,2001,"3.200,0 kg",Diesel,30-50000 km,"80,0","950,00","Transferência, Dinheiro",não fumadora,2022
Autocaravana capucino,Algés,"5,0",18,40,6,6,B,sob pedido,autorizados,"Alemanha Ducato 2,8 l 115 ch/Al-Ko",2001,"3.400,0 kg",Diesel,"100-150,000 km","60,0","1 250,00","Transferência, Dinheiro",não fumadora,2021
Campervan,Lisboa,"5,0",7,75,3,3,B,autorizada,autorizados,Mercedes Vito 108D,1997,"2.600,0 kg",Diesel,Mais 250.000 km,"70,0","600,00","Transferência, Dinheiro",sob pedido,2022
Autocaravana capucino,Leiria,"5,0",17,66,6,6,B,autorizada,autorizados,Bürstner A 574-3,2003,"3.500,0 kg",Diesel,"100-150,000 km","80,0","750,00","Cartão De Crédito, Dinheiro, Transferência",não fumadora,2022
Autocaravana Perfilada,Ramada,"5,0",5,120,6,4,B,sob pedido,sob pedido,Orla,2008,"3.500,0 kg",Diesel,"100-150,000 km","80,0","1 000,00","Dinheiro, Transferência",não fumadora,2022
Autocaravana Perfilada,Amadora,"5,0",5,130,5,5,B,sob pedido,autorizados,Rimor 69 Plus,2020,"3.500,0 kg",Diesel,0-15000 km,"65,0","1 500,00","Transferência, Dinheiro",não fumadora,2022
Furgão transformado,Lisboa,"5,0",6,60,2,2,B,sob pedido,autorizados,Renault,2004,"3.500,0 kg",Diesel,Mais 250.000 km,"60,0","500,00","Transferência, Dinheiro",sob pedido,2022
Autocaravana capucino,Montijo,"5,0",11,84,6,4,B,não autorizadas,sob pedido,Mobilvetta Miller,2005,"3.400,0 kg",Diesel,75-100000 km,"80,0","1 000,00","Outros, Dinheiro, Transferência",não fumadora,2022
Autocaravana capucino,Fernão Ferro,"5,0",9,70,6,5,B,não autorizadas,sob pedido,Riviera 180,2002,"3.500,0 kg",Diesel,"100-150,000 km","80,0","850,00",Dinheiro,não fumadora,2022
Campervan,Costa da Caparica,"5,0",13,54,3,2,B,não autorizadas,sob pedido,ArrVans4U Hiace,1989,"2.550,0 kg",Diesel,"100-150,000 km","50,0","600,00","Dinheiro, Transferência",sob pedido,2022
Campervan,Lisboa,"4,5",22,47,3,2,B,não autorizadas,autorizados,Westfalia 540 D,1995,"2.595,0 kg",Diesel,"200-250,000 km","70,0","500,00",Dinheiro,não fumadora,2021
Campervan,Lisboa,"5,0",5,50,3,2,B,sob pedido,autorizados,Ford Transit 125 ch,1992,"2.820,0 kg",Diesel,"200-250,000 km","60,0","600,00",Transferência,sob pedido,2022
Furgão transformado,Belas,"5,0",5,37,2,2,B,não autorizadas,não autorizados,Renault,2011,"2.155,0 kg",Diesel,150-200000 km,"50,0","600,00","Dinheiro, Transferência, Outros",não fumadora,2022
Autocaravana capucino,Santa Iria de Azoia,"5,0",20,70,5,6,B,sob pedido,autorizados,Chausson Welcome 6,2003,"3.500,0 kg",Diesel,"100-150,000 km","90,0","750,00","Dinheiro, Transferência, Outros",não fumadora,2021
Furgão transformado,Lisboa,"4,5",17,45,3,2,B,não autorizadas,sob pedido,Volkswagen transporter 2.4 D Transporter,1997,"2.650,0 kg",Diesel,"200-250,000 km","80,0","500,00","Dinheiro, Outros",não fumadora,2022
Autocaravana capucino,Estoril,"5,0",5,92,6,4,B,sob pedido,sob pedido,Mclouis Lagan,2007,"3.300,0 kg",Diesel,"100-150,000 km","80,0","1 000,00","Dinheiro, Transferência, Outros",não fumadora,2022
Campervan,Costa da Caparica,"5,0",9,55,2,2,B,não autorizadas,não autorizados,Ford Ford Transit Connect,2011,"2.340,0 kg",Diesel,Mais 250.000 km,"60,0","1 200,00",Transferência,não fumadora,2022
Furgão transformado,Lisboa,"5,0",6,90,3,2,B,não autorizadas,sob pedido,Ducato DUCATO H2L2,2018,"3.000,0 kg",Diesel,150-200000 km,"90,0","1 500,00","Dinheiro, Transferência, Cartão De Crédito",não fumadora,2023
Furgão transformado,Lisboa,"5,0",24,49,3,3,B,não autorizadas,autorizados,Ford Transit,1987,"2.350,0 kg",Diesel,"100-150,000 km","60,0","250,00","Dinheiro, Outros",não fumadora,2019
Autocaravana Integral,Fátima,"4,5",11,70,4,4,B,sob pedido,sob pedido,"B564 Jumper 2,5 TD",1996,"3.500,0 kg",Diesel,"100-150,000 km","80,0","800,00","Dinheiro, Transferência, Outros",não fumadora,2021
Furgão transformado,Lisboa,"5,0",11,45,2,2,B,não autorizadas,autorizados,Mercedes MB 100,1994,"2.800,0 kg",Diesel,"200-250,000 km","75,0","500,00","Dinheiro, Outros",não fumadora,2022
Furgão transformado,Lisboa,"5,0",8,90,2,2,B,não autorizadas,sob pedido,Ducato DUCATO L3H2,2009,"3.300,0 kg",Diesel,Mais 250.000 km,"90,0","1 500,00","Transferência, Dinheiro, Cartão De Crédito",não fumadora,2023
Autocaravana capucino,Lisboa,"5,0",5,70,6,6,B,não autorizadas,autorizados,Roller Team Roller team,1999,"3.500,0 kg",Diesel,Mais 250.000 km,"80,0","1 000,00","Dinheiro, Transferência",não fumadora,2022
Furgão transformado,Lisboa,"4,5",15,79,4,4,B,sob pedido,sob pedido,"Peugeot Boxer 2,2l 120 ch",2019,"3.000,0 kg",Diesel,15-30000 km,"90,0","500,00",Dinheiro,não fumadora,2022
Autocaravana Perfilada,São Domingos de Rana,"5,0",8,70,4,4,B,sob pedido,autorizados,"Rimor Transit 2,0 l 130 ch",2005,"3.500,0 kg",Diesel,75-100000 km,"60,0","800,00","Dinheiro, Transferência, Outros",não fumadora,2022
Autocaravana capucino,Lisboa,"4,5",7,50,6,6,B,não autorizadas,autorizados,Miller Miller New Jersey,2002,"3.400,0 kg",Diesel,150-200000 km,"70,0","1 000,00",Transferência,não fumadora,2022
Autocaravana Perfilada,Pinhal Novo,"5,0",14,100,4,5,B,sob pedido,autorizados,Benimar 296,2019,"3.500,0 kg",Diesel,15-30000 km,"60,0","1 500,00","Dinheiro, Transferência, Outros",não fumadora,2022
Campervan,Lisboa,"5,0",14,40,3,2,B,sob pedido,autorizados,Volkswagen T3,1990,"2.600,0 kg",Diesel,"200-250,000 km","47,0","500,00","Dinheiro, Outros",não fumadora,2022
Autocaravana capucino,Lisboa,"5,0",13,50,4,4,B,sob pedido,autorizados,Hehn Mobil,1991,"2.770,0 kg",Diesel,50-75000 km,"80,0","300,00","Dinheiro, Transferência",sob pedido,2022
Campervan,Almada,"5,0",13,45,3,2,B,não autorizadas,sob pedido,Mitsubishi L300,1993,"2.510,0 kg",Diesel,Mais 250.000 km,"35,0","800,00","Dinheiro, Transferência",não fumadora,2022
Campervan,Palmela,"5,0",44,49,3,3,B,não autorizadas,sob pedido,Volkswagen Transporter T4,1992,"2.700,0 kg",Diesel,Desconhecido,"80,0","500,00",Dinheiro,não fumadora,2020
Autocaravana Perfilada,São Domingos de Rana,"5,0",16,70,4,4,B,sob pedido,sob pedido,"Renault Master II 2,5 DCI  146 CV VF1EDCYK6367803635",2007,"3.500,0 kg",Diesel,50-75000 km,"120,0","800,00",Dinheiro,não fumadora,2022
Autocaravana Integral,Lisboa,"5,0",12,59,4,4,B,sob pedido,sob pedido,Hymer Eriba,1991,"3.000,0 kg",Diesel,150-200000 km,"70,0","500,00","Dinheiro, Transferência",sob pedido,2022
Campervan,Lisboa,"5,0",8,45,3,3,B,sob pedido,autorizados,Volkswagen Volkswagen transporte,2002,"2.700,0 kg",Diesel,Mais 250.000 km,"80,0","600,00","Transferência, Dinheiro",sob pedido,2022
Autocaravana Integral,Setúbal,"5,0",13,59,4,5,B,sob pedido,sob pedido,Mooveo I683,2008,"3.500,0 kg",Diesel,50-75000 km,"90,0","900,00","Transferência, Dinheiro",não fumadora,2022
Autocaravana capucino,Lisboa,"4,5",8,55,4,4,B,não autorizadas,sob pedido,Elnagh Ducato 2.8 JTD,2004,"3.400,0 kg",Diesel,"100-150,000 km","80,0","800,00","Dinheiro, Transferência, Outros",não fumadora,2022
Autocaravana capucino,Lisboa,"4,5",14,70,6,5,B,não autorizadas,autorizados,"Knaus 2,5 td ducato",1997,"3.400,0 kg",Diesel,"100-150,000 km","80,0","600,00","Outros, Transferência, Dinheiro",fumadora,2022
Campervan,Santa Iria de Azoia,"5,0",10,46,3,2,B,não autorizadas,autorizados,Peugeot Peugeot boxer,1996,"2.760,0 kg",Diesel,"100-150,000 km","70,0","650,00","Transferência, Dinheiro",não fumadora,2022
Furgão transformado,Lisboa,"5,0",23,56,4,4,B,sob pedido,autorizados,Campster Urvan,1987,"2.700,0 kg",Diesel,150-200000 km,"45,0","500,00",Dinheiro,fumadora,2022
Autocaravana capucino,Lisboa,"5,0",15,75,4,5,B,sob pedido,autorizados,"Tec Transit 2,2 l 140 ch",2009,"3.500,0 kg",Diesel,"100-150,000 km","70,0","950,00",Dinheiro,não fumadora,2020
Campervan,Belas,"5,0",12,55,3,2,B,não autorizadas,sob pedido,T4 Transporter,1991,"2.700,0 kg",Diesel,Mais 250.000 km,"60,0","600,00",Dinheiro,não fumadora,2022
Autocaravana capucino,São Domingos de Rana,"5,0",14,75,6,6,B,sob pedido,sob pedido,Moncayo Moncayo 2,2006,"3.500,0 kg",Diesel,30-50000 km,"70,0","950,00",Dinheiro,sob pedido,2022
Autocaravana capucino,Odivelas,"5,0",18,70,6,5,B,sob pedido,autorizados,Rimor Transit 2.5 TD 100CV,1998,"3.500,0 kg",Diesel,"100-150,000 km","70,0","1 250,00","Dinheiro, Transferência",não fumadora,2020
Campervan,Lisboa,"4,5",24,60,2,2,B,não autorizadas,autorizados,Fiat Hiace,1989,"2.550,0 kg",Diesel,De 6 a 8 l / 100 km,"70,0","500,00","Transferência, Dinheiro",não fumadora,2019
Campervan,Amadora,"5,0",7,60,3,2,B,não autorizadas,sob pedido,Mercedes Vito 109,2007,"2.770,0 kg",Diesel,Mais 250.000 km,"760,0","750,00",Dinheiro,não fumadora,2022
Autocaravana capucino,Lisboa,"5,0",19,70,4,5,B,não autorizadas,não autorizados,C.I. Carioca 10,1999,"3.200,0 kg",Diesel,150-200000 km,"60,0","1 000,00","Dinheiro, Transferência, Outros",não fumadora,2021
Campervan,Algueirão,"5,0",25,55,3,2,B,autorizada,sob pedido,Fiat Movano,2002,"3.300,0 kg",Diesel,De 6 a 8 l / 100 km,"70,0","500,00",Dinheiro,não fumadora,2019
Autocaravana Integral,Frielas,"5,0",26,74,4,4,B,não autorizadas,autorizados,Autostar Aryal 4,2003,"3.500,0 kg",Diesel,"100-150,000 km","80,0","1 000,00","Dinheiro, Dinheiro, Transferência, Transferência",não fumadora,2022
Campervan,Palmela,"5,0",20,49,3,3,B,não autorizadas,sob pedido,Volkswagen Transporter T4,1997,"2.775,0 kg",Diesel,Desconhecido,"80,0","500,00",Dinheiro,não fumadora,2020
Autocaravana capucino,Charneca de Caparica,"4,5",8,85,4,6,B,sob pedido,sob pedido,Knaus 650 Leg,2003,"3.500,0 kg",Diesel,"100-150,000 km","70,0","1 250,00",Outros,não fumadora,2020
Autocaravana Perfilada,Lisboa,"4,5",7,50,4,4,B,sob pedido,sob pedido,Joint 154,2008,"3.500,0 kg",Diesel,30-50000 km,"70,0","1 500,00","Dinheiro, Outros",não fumadora,2022
Campervan,Lisboa,"5,0",8,65,2,2,B,sob pedido,autorizados,VL Vanette,1990,"1.500,0 kg",Diesel,30-50000 km,"50,0","700,00","Dinheiro, Transferência, Outros",sob pedido,2022
Autocaravana capucino,Amadora,"5,0",5,90,6,6,B,sob pedido,autorizados,Sunlight A 70,2019,"3.500,0 kg",Diesel,50-75000 km,"80,0","1 500,00","Dinheiro, Transferência",não fumadora,2019
Autocaravana capucino,brejos de azeitão,"5,0",6,90,3,6,B,sob pedido,autorizados,Frankia Sprinter 2.8 TDI,2000,"3.050,0 kg",Diesel,"100-150,000 km","76,0","850,00","Transferência, Dinheiro",não fumadora,2021
Campervan,Lisboa,"5,0",10,75,2,2,B,sob pedido,autorizados,AU Vanette,1992,"2.510,0 kg",Diesel,50-75000 km,"50,0","700,00","Dinheiro, Transferência, Outros",sob pedido,2022
Autocaravana Integral,Ericeira,"5,0",11,90,6,6,B,sob pedido,autorizados,Mercedes benz A312D,2000,"3.500,0 kg",Diesel,Desconhecido,"80,0","900,00","Dinheiro, Transferência",não fumadora,2022
Autocaravana Perfilada,Setúbal,"5,0",7,59,4,4,B,autorizada,não autorizados,"Benimar Ducato 2,3 l 130 ch.",1997,"3.500,0 kg",Diesel,"100-150,000 km","80,0","800,00","Dinheiro, Outros",não fumadora,2022
Furgão transformado,Foros de Salvaterra,"5,0",7,75,4,3,B,sob pedido,não autorizados,FIAT DUCATO,2007,"3.300,0 kg",Diesel,75-100000 km,"100,0","900,00",Dinheiro,não fumadora,2020
Campervan,Lisboa,"5,0",12,60,3,3,B,sob pedido,autorizados,Volkswagen Transporter,1999,"2.600,0 kg",Diesel,Desconhecido,"80,0","750,00",Dinheiro,não fumadora,2022
Autocaravana capucino,Lisboa,"5,0",8,100,5,5,B,sob pedido,sob pedido,Sunlight A 68,2018,"3.495,0 kg",Diesel,15-30000 km,"80,0","1 500,00",Transferência,não fumadora,2022
Furgão transformado,Lisboa,"5,0",1,95,4,2,B,autorizada,não autorizados,Lionfish Weinsberg,2013,"3.500,0 kg",Diesel,"200-250,000 km","80,0","1 250,00","Dinheiro, Transferência",não fumadora,2022
Autocaravana capucino,Lisboa,"5,0",2,110,6,6,B,sob pedido,autorizados,Rimor 1,2007,"3.500,0 kg",Diesel,50-75000 km,"80,0","1 500,00","Dinheiro, Transferência, Cartão De Crédito",sob pedido,2022
Autocaravana capucino,Lisboa,"5,0",2,110,6,6,B,sob pedido,autorizados,Rimor 1 Light,2010,"3.500,0 kg",Diesel,75-100000 km,"80,0","1 500,00","Dinheiro, Transferência, Cartão De Crédito",sob pedido,2022
Autocaravana Perfilada,Setúbal,"5,0",16,70,4,4,B,não autorizadas,autorizados,Benimar Perseo 680 CC,2004,"3.500,0 kg",Diesel,150-200000 km,"70,0","1 250,00","Dinheiro, Transferência, Outros",não fumadora,2022
Autocaravana capucino,Corroios,"5,0",7,70,6,6,B,sob pedido,sob pedido,Chausson 26,2003,"3.500,0 kg",Diesel,"100-150,000 km","65,0","500,00","Dinheiro, Transferência, Outros",não fumadora,2021
Autocaravana capucino,Setúbal,"5,0",5,92,6,7,B,sob pedido,autorizados,Sunlight,2010,"3.500,0 kg",Diesel,75-100000 km,"80,0","1 500,00","Dinheiro, Transferência, Outros",não fumadora,2020
Autocaravana capucino,Quinta do Conde,"5,0",7,75,4,6,B,sob pedido,autorizados,"Challenger Ducato 2,8 JTD",2005,"3.500,0 kg",Diesel,75-100000 km,"70,0","750,00","Dinheiro, Transferência",não fumadora,2022
Autocaravana capucino,São João das Lampas,"5,0",23,55,6,6,B,sob pedido,autorizados,C.I. 2,2005,"3.400,0 kg",Diesel,75-100000 km,"70,0","1 000,00",Dinheiro,não fumadora,2020
Autocaravana capucino,Foros de Salvaterra,"5,0",18,75,4,4,B,sob pedido,não autorizados,PILOTE/MOOVEO fiat,2008,"3.300,0 kg",Diesel,75-100000 km,"80,0","900,00","Dinheiro, Transferência",não fumadora,2020
Autocaravana Integral,Almada,"5,0",10,120,4,4,B,sob pedido,sob pedido,Hymer 694 Sl,2009,"3.500,0 kg",Diesel,Desconhecido,"80,0","1 500,00",Transferência,não fumadora,2022
Autocaravana Integral,Porto Salvo,"5,0",22,80,6,6,B,sob pedido,autorizados,Hymer 644 NATALIE,1990,"3.500,0 kg",Diesel,"100-150,000 km","80,0","600,00","Dinheiro, Transferência",não fumadora,2022
Campervan,Lisboa,"5,0",20,75,4,2,B,não autorizadas,autorizados,BO Vanette,1993,"2.510,0 kg",Diesel,"100-150,000 km","65,0","700,00","Dinheiro, Transferência, Outros",não fumadora,2022
Campervan,Carcavelos,"5,0",21,49,3,3,B,não autorizadas,autorizados,Volkswagen Transporter T4,1999,"2.600,0 kg",Diesel,Mais 250.000 km,"65,0","600,00","Dinheiro, Transferência",não fumadora,2021
Autocaravana capucino,Lisboa,"5,0",11,44,4,4,B,sob pedido,autorizados,Autostar Anthea 445,2000,"3.500,0 kg",Diesel,150-200000 km,"65,0","1 200,00","Dinheiro, Transferência",não fumadora,2022
Autocaravana capucino,Costa da Caparica,"5,0",8,85,6,6,B,sob pedido,autorizados,Fiat,2014,"3.495,0 kg",Diesel,De 8 a 10 L / 100 km,"60,0","1 000,00","Dinheiro, Transferência",sob pedido,2022
Autocaravana Perfilada,Setúbal,"5,0",8,55,4,3,B,sob pedido,autorizados,Challenger 32,2006,"3.500,0 kg",Diesel,75-100000 km,"70,0","800,00","Dinheiro, Transferência, Outros",não fumadora,2019
Autocaravana capucino,Lisboa,"4,5",14,60,4,4,B,não autorizadas,sob pedido,Eura Mobil Fiat Weinsberg,1991,"3.230,0 kg",Diesel,150-200000 km,"20,0","600,00",Dinheiro,não fumadora,2022
Autocaravana capucino,Carcavelos,"5,0",17,85,5,6,B,sob pedido,não autorizados,Fiat Ducato 2.8JTD Mizar 330,2001,"3.500,0 kg",Diesel,"100-150,000 km","75,0","1 250,00","Dinheiro, Transferência",não fumadora,2020
Campervan,Lisboa,"5,0",33,71,2,2,B,não autorizadas,sob pedido,Volkswagen Transporter T3,1985,"2.600,0 kg",Diesel,Mais 250.000 km,"60,0","800,00","Cheque, Dinheiro, Transferência, Outros",não fumadora,2019
Autocaravana capucino,Quinta do Conde,"5,0",24,50,6,6,B,não autorizadas,sob pedido,"Rimor Transit 2,4 l 115 ch",2003,"3.500,0 kg",Diesel,75-100000 km,"90,0","1 300,00","Dinheiro, Transferência",não fumadora,2022
Campervan,Lisboa,"5,0",12,89,3,2,B,sob pedido,sob pedido,Volkswagen T3,1986,"2.460,0 kg",Diesel,Mais 250.000 km,"85,0","600,00","Dinheiro, Transferência, Outros",não fumadora,2021
Autocaravana Perfilada,Mafra,"5,0",5,100,5,4,B,autorizada,autorizados,"Fiat Ducato 2,3 l 130 ch",2017,"3.500,0 kg",Diesel,50-75000 km,"80,0","500,00","Dinheiro, Transferência",fumadora,2021
Furgão transformado,Lisboa,"5,0",9,30,3,4,B,não autorizadas,não autorizados,Transformação particular Boxer,2008,"3.500,0 kg",Diesel,Mais 250.000 km,"100,0","400,00",Dinheiro,não fumadora,2022
Autocaravana capucino,São João da Talha,"5,0",31,60,6,6,B,sob pedido,sob pedido,Giottiline Therry25,2010,"3.300,0 kg",Diesel,50-75000 km,"90,0","850,00","Dinheiro, Transferência, Outros",não fumadora,2020
Furgão transformado,Fernão Ferro,"5,0",4,90,6,4,B,não autorizadas,não autorizados,"Fiat Ducato 2,3 l Multijet 130 ch.",2016,"3.500,0 kg",Diesel,"200-250,000 km","80,0","2 000,00",Dinheiro,não fumadora,2022
Autocaravana Integral,Oeiras,"5,0",8,100,3,2,B,não autorizadas,sob pedido,"Hymer Al-Ko 2,3 l 130 ch.",2005,"3.500,0 kg",Diesel,"100-150,000 km","65,0","1 000,00","Dinheiro, Transferência",não fumadora,2022
Autocaravana Perfilada,Oeiras,"5,0",3,70,6,4,B,sob pedido,não autorizados,"Rimor Transit 2,5 l TDCi 140 ch.",2002,"3.500,0 kg",Diesel,"200-250,000 km","60,0","800,00","Cartão De Crédito, Cheque, Dinheiro, Transferência, Outros",não fumadora,2022
Autocaravana capucino,Torres Novas,"5,0",11,80,6,6,B,sob pedido,não autorizados,"Sunlight 2,3 l 130 ch",2015,"3.500,0 kg",Diesel,75-100000 km,"80,0","1 250,00","Transferência, Outros",não fumadora,2022
Campervan,Oeiras,"5,0",4,65,2,2,B,não autorizadas,autorizados,Volkswagen LT 28,1993,"2.810,0 kg",Diesel,Mais 250.000 km,"70,0","600,00","Cartão De Crédito, Dinheiro",não fumadora,2022
Autocaravana capucino,Estoril,"5,0",3,124,6,6,B,sob pedido,sob pedido,Sunlight A 70,2019,"3.500,0 kg",Diesel,75-100000 km,"80,0","1 250,00","Dinheiro, Outros, Transferência, Dinheiro, Transferência, Outros, Transferência, Outros, Dinheiro",não fumadora,2022
Autocaravana capucino,Fernão Ferro,"5,0",15,75,6,6,B,autorizada,autorizados,Fiat Ducato,2010,"3.500,0 kg",Diesel,"100-150,000 km","100,0","750,00","Dinheiro, Transferência, Outros",não fumadora,2022
Autocaravana Perfilada,Leiria,"5,0",6,66,4,4,B,sob pedido,autorizados,Hymer Eriba,2003,"3.400,0 kg",Diesel,0-15000 km,"80,0","850,00","Dinheiro, Outros, Cartão De Crédito, Transferência",não fumadora,2022
Autocaravana capucino,Ericeira,"5,0",3,80,6,4,B,não autorizadas,autorizados,Adria Fiat,1999,"3.200,0 kg",Diesel,"100-150,000 km","80,0","1 000,00","Dinheiro, Transferência",não fumadora,2022
Campervan,Lisboa,"5,0",4,45,3,3,B,autorizada,autorizados,Fiat Fiat 242,1981,"3.470,0 kg",Diesel,Desconhecido,"60,0","500,00","Dinheiro, Transferência",sob pedido,2022
Autocaravana Integral,Nazare,"5,0",4,75,2,2,B,sob pedido,sob pedido,Lmc Liberty,2011,"3.500,0 kg",Diesel,30-50000 km,"90,0","1 000,00",Transferência,não fumadora,2022
Autocaravana capucino,Santo Isidro de Pegões,"5,0",5,70,6,6,B,sob pedido,autorizados,"Dethleffs Ducato 2,5 TD",1995,"3.500,0 kg",Diesel,"100-150,000 km","70,0","700,00","Dinheiro, Transferência",sob pedido,2022
Autocaravana Perfilada,Lisboa,"5,0",1,55,4,4,B,sob pedido,autorizados,Bürstner T615 privilege,2003,"3.400,0 kg",Diesel,75-100000 km,"60,0","900,00","Dinheiro, Outros",não fumadora,2023
Campervan,Santo António Dos Cavaleiros,"5,0",21,39,3,3,B,sob pedido,não autorizados,RoadCampers Berlingo,2017,"2.140,0 kg",Diesel,15-30000 km,"50,0","1 750,00",Cartão De Crédito,não fumadora,2019
Autocaravana capucino,Lisboa,"5,0",14,65,6,4,B,sob pedido,autorizados,Joint e33,2005,"3.000,0 kg",Diesel,"100-150,000 km","70,0","800,00","Dinheiro, Transferência, Outros",não fumadora,2020
Furgão transformado,Igreja Nova,"5,0",8,50,3,2,B,não autorizadas,não autorizados,"Citroën Jumper 2,2 l 120 ch",2006,"3.300,0 kg",Diesel,"200-250,000 km","60,0","800,00","Dinheiro, Transferência, Outros",fumadora,2022
Autocaravana capucino,Lisboa,"5,0",1,60,5,4,B,não autorizadas,sob pedido,Benimar Europe 6000 LD,2004,"3.500,0 kg",Diesel,"100-150,000 km","80,0","1 000,00","Dinheiro, Outros",não fumadora,2023
Campervan,Lisboa,"5,0",2,70,2,2,B,sob pedido,autorizados,Volkswagen Volkswagen T3,1983,"1.800,0 kg",Diesel,75-100000 km,"50,0","500,00","Cartão De Crédito, Dinheiro, Transferência, Outros",sob pedido,2023
Autocaravana capucino,Quinta do Conde,"4,5",9,65,5,5,B,não autorizadas,sob pedido,Fiat ducato Mobilets,2006,"3.080,0 kg",Diesel,50-75000 km,"80,0","800,00","Dinheiro, Transferência",sob pedido,2021
Autocaravana capucino,Encarnação,"5,0",5,65,6,6,B,não autorizadas,não autorizados,Auto-Roller Ducato 2.8,2002,"3.500,0 kg",Diesel,75-100000 km,"70,0","1 000,00",Transferência,sob pedido,2022
Autocaravana capucino,Monte Real,"5,0",1,83,4,6,B,sob pedido,sob pedido,RIVIERA 65  XL Transit 2.5 D,1995,"2.720,0 kg",Diesel,"100-150,000 km","75,0","650,00","Dinheiro, Transferência",sob pedido,2022
Campervan,Azambuja,"5,0",1,85,7,3,B,sob pedido,não autorizados,Volkswagen Multivan,1997,"2.680,0 kg",Diesel,Desconhecido,"80,0","600,00",Dinheiro,não fumadora,2022
Autocaravana Perfilada,Almargem do Bispo,"5,0",3,100,5,6,B,não autorizadas,sob pedido,"Benimar Ducato 2,8l 127cv jtd Alko",2004,"3.500,0 kg",Diesel,50-75000 km,"75,0","1 250,00","Dinheiro, Transferência",não fumadora,2022
Furgão transformado,Lisboa,"5,0",3,44,2,2,B,sob pedido,sob pedido,Ford,1992,"2.900,0 kg",Diesel,Desconhecido,"60,0","600,00","Transferência, Dinheiro",sob pedido,2022
Autocaravana capucino,Setúbal,"5,0",2,80,6,6,B,sob pedido,autorizados,Adria Fiat Weinsberg,2008,"3.500,0 kg",Diesel,"100-150,000 km","70,0","1 500,00","Dinheiro, Transferência, Outros",não fumadora,2022
Campervan,Sacavém,"5,0",4,60,3,2,B,não autorizadas,sob pedido,Ford Transit,1980,"2.575,0 kg",Diesel,Desconhecido,"60,0","600,00","Dinheiro, Transferência",sob pedido,2022
Campervan,Colares,"5,0",2,45,3,3,B,sob pedido,autorizados,Custo Van Transporter,2008,"2.800,0 kg",Diesel,Mais 250.000 km,"85,0","700,00","Dinheiro, Transferência, Outros",sob pedido,2022
Autocaravana Integral,Oeiras,"5,0",3,70,4,4,B,sob pedido,não autorizados,Hymer 574,1997,"3.200,0 kg",Diesel,Desconhecido,"60,0","1 000,00","Dinheiro, Transferência",não fumadora,2022
Autocaravana capucino,Azeitão,"5,0",1,60,5,5,B,sob pedido,autorizados,Challenger Fiat ducato 2.8l JTD,2002,"3.400,0 kg",Diesel,75-100000 km,"70,0","1 000,00","Dinheiro, Transferência",não fumadora,2023
Autocaravana capucino,Santo Isidoro    MFR,"5,0",2,55,5,5,B,não autorizadas,não autorizados,Roller Team IVECO,2002,"3.500,0 kg",Diesel,30-50000 km,"90,0","950,00","Dinheiro, Transferência",não fumadora,2022
Furgão transformado,Lisboa,"5,0",5,70,3,2,B,sob pedido,autorizados,Renault Kangoo,2018,"2.200,0 kg",Diesel,30-50000 km,"75,0","1 250,00","Transferência, Cartão De Crédito",sob pedido,2021
Campervan,Lisboa,"5,0",3,50,2,2,B,sob pedido,autorizados,"Citroën Jumper 1,6 l 95 ch",1996,"2.800,0 kg",Diesel,"200-250,000 km","100,0","500,00","Dinheiro, Transferência, Outros",sob pedido,2022
Furgão transformado,Lisboa,"5,0",1,63,3,3,B,sob pedido,autorizados,"Nomad-Addict Jumper 2,2 l 120ch",2006,"3.500,0 kg",Diesel,150-200000 km,"80,0","990,00",Dinheiro,fumadora,2023
Autocaravana capucino,Lisboa,"5,0",3,78,4,4,B,sob pedido,sob pedido,Sky Fiat Ducato,2004,"2.900,0 kg",Diesel,30-50000 km,"60,0","750,00","Dinheiro, Transferência",não fumadora,2022
Autocaravana Integral,Caldas da Rainha,"4,5",15,55,4,6,B,sob pedido,não autorizados,Dethleffs I532,1993,"3.100,0 kg",Diesel,"200-250,000 km","60,0","600,00","Transferência, Cartão De Crédito",não fumadora,2021
Campervan,Lisboa,"5,0",4,60,2,2,B,sob pedido,sob pedido,VW VW T4,1994,"2.775,0 kg",Diesel,De 10 a 12 l / 100 km,"60,0","700,00","Dinheiro, Transferência",sob pedido,2022
Campervan,Lisboa,"5,0",4,65,3,2,B,sob pedido,não autorizados,VW Transporter,1982,"2.600,0 kg",Diesel,"100-150,000 km","50,0","700,00","Dinheiro, Transferência",fumadora,2022
Campervan,Loures,"5,0",1,83,6,6,B,não autorizadas,autorizados,Fiat DUCATO,1993,"3.100,0 kg",Diesel,"200-250,000 km","90,0","500,00","Dinheiro, Transferência",não fumadora,2022
Campervan,Santo António dos Cavaleiros,"5,0",6,40,2,2,B,sob pedido,autorizados,RoadCampers Dacia Dokker,2019,"1.930,0 kg",Diesel,Desconhecido,"40,0","1 750,00",Cartão De Crédito,não fumadora,2019
Autocaravana Perfilada,Lisboa,"5,0",2,70,4,4,B,autorizada,não autorizados,Roller Team Fiat Weinsberg,2001,"3.200,0 kg",Diesel,75-100000 km,"80,0","800,00","Dinheiro, Transferência",não fumadora,2022
Campervan,Leiria,"5,0",3,50,2,2,B,autorizada,autorizados,Nissan Vanette,1991,"2.510,0 kg",Diesel,150-200000 km,"38,0","400,00","Dinheiro, Transferência, Outros",não fumadora,2022
Campervan,Lisboa,"5,0",4,39,3,3,B,autorizada,autorizados,"Ford Transit 2,5 l TDCi 140 ch.",1996,"2.900,0 kg",Diesel,Mais 250.000 km,"60,0","600,00","Dinheiro, Transferência",fumadora,2021
Furgão transformado,Torres Novas,"5,0",7,70,4,4,B,não autorizadas,não autorizados,Fiat Jumper,2007,"3.500,0 kg",Diesel,Desconhecido,"80,0","600,00","Dinheiro, Transferência",não fumadora,2022
Furgão transformado,Costa da Caparica,"5,0",2,89,4,2,B,não autorizadas,não autorizados,"Citroën Jumper 2,2 l Blue HDI 165 PS",2020,"2.956,0 kg",Diesel,15-30000 km,"80,0","1 500,00",Transferência,não fumadora,2022
Furgão transformado,Sobreda,"4,5",6,65,3,3,B,não autorizadas,autorizados,Volkswagen SYNCRO 4x4 ADVENTURE,1993,"2.810,0 kg",Diesel,Desconhecido,"80,0","1 250,00","Dinheiro, Transferência, Outros",não fumadora,2019
Autocaravana Integral,Alcobaça,"5,0",1,70,4,4,B,sob pedido,sob pedido,Pilote G692,2006,"3.500,0 kg",Diesel,75-100000 km,"75,0","800,00","Dinheiro, Transferência",não fumadora,2023
Furgão transformado,Lisboa,"5,0",6,59,4,3,B,não autorizadas,sob pedido,Ford Transit 100L,1995,"2.900,0 kg",Diesel,Mais 250.000 km,"60,0","350,00","Dinheiro, Outros",não fumadora,2019
Outro,Loures,"5,0",2,45,5,3,B,não autorizadas,autorizados,Ford Focus,2006,"1.880,0 kg",Diesel,"200-250,000 km","70,0","500,00","Dinheiro, Transferência",não fumadora,2022
Furgão transformado,Pinhal Novo (Palmela),"4,0",1,49,3,2,B,sob pedido,autorizados,Fiat Ducato Maxi 2.5D,1991,"3.500,0 kg",Diesel,50-75000 km,"80,0","500,00",Dinheiro,não fumadora,2023
Furgão transformado,Belas,"5,0",2,55,3,3,B,não autorizadas,não autorizados,Fiat Ducato 2.8 Idti,2000,"3.500,0 kg",Diesel,Mais 250.000 km,"60,0","800,00","Cartão De Crédito, Dinheiro, Transferência, Outros",não fumadora,2022
Campervan,Sacavém,"5,0",1,65,6,3,B,não autorizadas,sob pedido,Volkswagen Volkswagen T5,2004,"2.900,0 kg",Diesel,Mais 250.000 km,"70,0","500,00","Dinheiro, Transferência",sob pedido,2022
Campervan,Lisboa,"4,5",6,100,4,3,B,sob pedido,autorizados,Benimar 145,2021,"3.500,0 kg",Diesel,0-15000 km,"80,0","1 500,00","Dinheiro, Transferência, Cartão De Crédito",sob pedido,2022
Autocaravana capucino,Carnaxide,"5,0",1,58,6,4,B,não autorizadas,autorizados,Bürstner,1996,"3.100,0 kg",Diesel,150-200000 km,"60,0","650,00","Dinheiro, Transferência",não fumadora,2023
Furgão transformado,Colmeias,"5,0",1,90,4,5,B,sob pedido,não autorizados,"Fiat Ducato 3,0 l 180 ch",2015,"3.500,0 kg",Diesel,"100-150,000 km","120,0","300,00","Transferência, Dinheiro, Outros",não fumadora,2023
Autocaravana capucino,Leiria,"4,5",7,65,4,4,B,sob pedido,não autorizados,Elnagh,1994,"2.720,0 kg",Diesel,75-100000 km,"50,0","800,00","Dinheiro, Transferência, Outros",não fumadora,2022
Furgão transformado,Lisboa,"5,0",1,70,3,3,B,sob pedido,autorizados,Iveco Daily 35C15,2013,"3.150,0 kg",Diesel,"200-250,000 km","90,0","500,00","Dinheiro, Transferência, Outros",não fumadora,2023
Autocaravana Perfilada,Montijo,"5,0",1,65,6,3,B,sob pedido,autorizados,Andrade Rigel 950,2004,"3.500,0 kg",Diesel,"100-150,000 km","80,0","800,00","Dinheiro, Transferência, Outros",não fumadora,2023
Furgão transformado,Cascais,"5,0",1,110,4,4,B,sob pedido,autorizados,Mercedes,1985,"2.810,0 kg",Diesel,Mais 250.000 km,"70,0","700,00","Dinheiro, Transferência",sob pedido,2022
Autocaravana capucino,Amadora,"4,0",8,60,6,5,B,autorizada,não autorizados,Sunlight A58,2010,"3.495,0 kg",Diesel,"100-150,000 km","50,0","800,00","Transferência, Dinheiro",não fumadora,2021
Furgão transformado,Santa Iria de Azoia,"5,0",3,60,4,4,B,não autorizadas,autorizados,Fiat Ducato 120 Multijet,2017,"3.000,0 kg",Diesel,150-200000 km,"80,0","1 000,00","Transferência, Dinheiro",não fumadora,2022
Campervan,Alcabideche,"5,0",4,55,4,2,B,não autorizadas,não autorizados,Chambel Vito 111 CDI,2007,"2.940,0 kg",Diesel,Mais 250.000 km,"70,0","900,00",Dinheiro,não fumadora,2022
Autocaravana capucino,Fernão Ferro,"5,0",4,75,6,6,B,sob pedido,sob pedido,Moncayo Moncayo 2,2002,"3.500,0 kg",Diesel,30-50000 km,"80,0","1 250,00","Dinheiro, Dinheiro, Transferência",não fumadora,2022
Furgão transformado,Sacavém,"4,5",2,65,2,2,B,não autorizadas,autorizados,Mercedes 207 D,1985,"2.550,0 kg",Diesel,"100-150,000 km","60,0","500,00",Dinheiro,não fumadora,2022
Campervan,Lisboa,"4,0",4,60,3,3,B,sob pedido,sob pedido,Volkswagen T4,1993,"2.775,0 kg",Diesel,"200-250,000 km","50,0","500,00","Dinheiro, Transferência",não fumadora,2022
Campervan,Lisboa,"4,5",3,65,4,3,B,sob pedido,sob pedido,Trigano Eurocamp,2006,"3.500,0 kg",Diesel,"100-150,000 km","80,0","600,00",Dinheiro,não fumadora,2021
Autocaravana Perfilada,Leiria,"4,5",6,80,5,5,B,sob pedido,não autorizados,"Bavaria Ducato 2,3 l 130 ch",2014,"3.500,0 kg",Diesel,30-50000 km,"70,0","1 000,00","Dinheiro, Outros",não fumadora,2022
Autocaravana capucino,Famões,"4,5",3,69,4,4,B,não autorizadas,não autorizados,"Sea Zehf 2,3 l 125 ch",2005,"3.400,0 kg",Diesel,50-75000 km,"90,0","800,00","Dinheiro, Transferência",não fumadora,2020
Autocaravana Perfilada,Corroios,"4,0",1,66,4,4,B,não autorizadas,autorizados,Chausson Fiat ducato,1998,"3.200,0 kg",Diesel,150-200000 km,"60,0","700,00","Dinheiro, Transferência, Outros",não fumadora,2021
Autocaravana capucino,Amor,"4,0",1,65,6,5,B,autorizada,autorizados,Joint E 47,2005,"3.400,0 kg",Diesel,150-200000 km,"80,0","1 000,00","Dinheiro, Transferência",não fumadora,2023
Autocaravana capucino,Benedita,"4,5",2,65,6,5,B,autorizada,autorizados,Cristall Fiat,1999,"3.400,0 kg",Diesel,"100-150,000 km","60,0","800,00","Dinheiro, Transferência, Outros",não fumadora,2022
Furgão transformado,Vendas Novas,"5,0",2,54,3,3,B,sob pedido,sob pedido,"Volkswagen Crafter 2,5 l 109 ch",2011,"3.500,0 kg",Diesel,Mais 250.000 km,"75,0","600,00","Dinheiro, Transferência",não fumadora,2022
Campervan,Sacavém,"4,0",1,60,3,2,B,não autorizadas,não autorizados,Ford Transit,2020,"2.575,0 kg",Diesel,Desconhecido,"60,0","600,00","Dinheiro, Transferência",não fumadora,2022
Furgão transformado,Sacavém,"4,0",4,70,6,4,B,não autorizadas,autorizados,Mercedes 407,1983,"3.500,0 kg",Diesel,Mais 250.000 km,"60,0","600,00",Dinheiro,não fumadora,2022
Autocaravana capucino,Lisboa,"4,0",2,60,3,4,B,sob pedido,autorizados,Karmann Mobil LT28D,1983,"3.000,0 kg",Diesel,"100-150,000 km","50,0","500,00",Dinheiro,não fumadora,2022
Autocaravana Perfilada,Atalaia,"4,0",1,100,5,5,B,sob pedido,autorizados,Benimar Mileo 242,2014,"3.500,0 kg",Diesel,"100-150,000 km","90,0","1 500,00","Transferência, Dinheiro",sob pedido,2021
Furgão transformado,Cascais,"5,0",1,55,5,4,B,sob pedido,não autorizados,Westfalia Transit nugget westfalia,1998,"2.650,0 kg",Diesel,150-200000 km,"70,0","200,00",Dinheiro,não fumadora,2023
Campervan,Lisboa,"5,0",1,50,2,2,B,autorizada,autorizados,Volkswagen Volkswagen T4,1998,"2.800,0 kg",Diesel,"200-250,000 km","80,0","700,00","Dinheiro, Transferência, Outros",não fumadora,2023
Campervan,Loures,"4,0",2,72,4,2,B,não autorizadas,autorizados,Nissan Vanette,1991,"2.510,0 kg",Diesel,75-100000 km,"60,0","500,00","Dinheiro, Transferência",não fumadora,2022
Campervan,Loures,"5,0",1,72,3,3,B,não autorizadas,autorizados,Mercedes Vito 108D,1995,"2.600,0 kg",Diesel,"200-250,000 km","90,0","500,00","Dinheiro, Transferência",não fumadora,2022
Autocaravana capucino,Alcaria,"5,0",1,85,5,4,B,sob pedido,sob pedido,Joint E33,2005,"3.000,0 kg",Diesel,"100-150,000 km","75,0","750,00","Dinheiro, Transferência",sob pedido,2022
Autocaravana capucino,Lisboa,"4,0",1,60,6,5,B,sob pedido,sob pedido,"Fiat 2,3 l 130 ch",2006,"3.495,0 kg",Diesel,"100-150,000 km","60,0","500,00","Dinheiro, Transferência",sob pedido,2023
Furgão transformado,Lisboa,"5,0",5,55,6,4,B,não autorizadas,autorizados,Renault Master,2001,"3.500,0 kg",Diesel,Mais 250.000 km,"80,0","600,00",Dinheiro,não fumadora,2022
Autocaravana capucino,São Domingos de Rana,"5,0",5,70,6,6,B,não autorizadas,autorizados,"Elnagh Ducato 2,0 l 115 ch",2003,"3.400,0 kg",Diesel,150-200000 km,"80,0","800,00","Transferência, Dinheiro",não fumadora,2022
Campervan,Alverca do Ribatejo,"5,0",10,60,3,2,B,não autorizadas,não autorizados,Volkswagen Transporter,1997,"2.775,0 kg",Diesel,"200-250,000 km","80,0","500,00","Dinheiro, Transferência, Outros",não fumadora,2022
Autocaravana capucino,Alfragide,"5,0",24,40,5,4,B,sob pedido,autorizados,Joint Joint 1,2007,"3.000,0 kg",Diesel,75-100000 km,"80,0","1 250,00","Dinheiro, Transferência",não fumadora,2021
Furgão transformado,Lisboa,"5,0",27,75,3,3,B,sob pedido,sob pedido,"Ford Transit 2,4 l TDCi 140 ch.",2007,"3.500,0 kg",Diesel,Mais 250.000 km,"80,0","900,00","Dinheiro, Transferência, Outros",sob pedido,2021
Autocaravana Integral,Leiria,"5,0",8,80,6,6,B,sob pedido,autorizados,Hymer 544,2000,"3.400,0 kg",Diesel,"100-150,000 km","60,0","1 000,00",Dinheiro,não fumadora,2020
Furgão transformado,Lisboa,"5,0",12,68,5,4,B,autorizada,autorizados,Westfalia James Cook,1999,"3.500,0 kg",Diesel,"200-250,000 km","85,0","800,00","Dinheiro, Transferência, Outros",não fumadora,2019
Autocaravana capucino,Lisboa,"5,0",4,75,4,4,B,sob pedido,autorizados,Joint Joint 4,2010,"3.000,0 kg",Diesel,75-100000 km,"90,0","800,00","Transferência, Dinheiro, Outros",não fumadora,2022
Campervan,São Domingos de Rana,"5,0",21,53,3,3,B,sob pedido,autorizados,VW T4 Insurance &amp;amp; All KM incl | MyVan Portugal,1997,"2.510,0 kg",Diesel,150-200000 km,"90,0","750,00",Transferência,sob pedido,2019
Autocaravana Perfilada,Caldas da Rainha,"5,0",7,70,4,4,B,sob pedido,autorizados,Joint Luxe,2009,"3.300,0 kg",Diesel,50-75000 km,"80,0","900,00","Dinheiro, Transferência, Outros",não fumadora,2022
Autocaravana Integral,Lisboa,"5,0",7,85,3,3,B,não autorizadas,não autorizados,Hymer 524,2001,"3.500,0 kg",Diesel,"100-150,000 km","100,0","1 000,00",Dinheiro,não fumadora,2020
Autocaravana capucino,Lisboa,"5,0",15,50,6,7,B,sob pedido,autorizados,Sunlight A 72,2014,"3.495,0 kg",Diesel,50-75000 km,"100,0","1 500,00","Dinheiro, Transferência",sob pedido,2022
Campervan,Lisboa,"5,0",21,55,3,2,B,sob pedido,autorizados,VW T4 Insurance &amp;amp; All KM incl | MyVan Portugal,2000,"2.800,0 kg",Diesel,Desconhecido,"90,0","750,00",Transferência,sob pedido,2019
Autocaravana capucino,Lisboa,"5,0",6,80,6,7,B,autorizada,autorizados,Sunlight A 72,2014,"3.495,0 kg",Diesel,50-75000 km,"120,0","1 500,00","Dinheiro, Transferência",não fumadora,2022
Campervan,Lisboa,"5,0",9,65,4,4,B,sob pedido,autorizados,VW Westfalia California  Insurance &amp;amp; All KM Incl | MyVan Portugal,1995,"2.890,0 kg",Diesel,Mais 250.000 km,"90,0","750,00",Transferência,fumadora,2019
Autocaravana capucino,Lisboa,"5,0",7,75,6,6,B,sob pedido,autorizados,"Fiat 2,3 l 130 ch",2012,"3.495,0 kg",Diesel,50-75000 km,"120,0","1 500,00","Dinheiro, Transferência",sob pedido,2022
Autocaravana capucino,Carvoeira,"5,0",1,100,4,6,B,não autorizadas,autorizados,Hymer eriba-car 620,1992,"3.100,0 kg",Diesel,150-200000 km,"55,0","1 500,00","Dinheiro, Transferência, Outros",não fumadora,2022
Autocaravana Perfilada,Leiria,"5,0",10,80,6,6,B,não autorizadas,não autorizados,Blucamp,2018,"3.500,0 kg",Diesel,15-30000 km,"80,0","800,00",Dinheiro,não fumadora,2022
Autocaravana capucino,Lisboa,"4,5",24,60,5,6,B,sob pedido,autorizados,Fiat TRANSIT,2013,"3.500,0 kg",Diesel,75-100000 km,"120,0","1 250,00","Dinheiro, Transferência",sob pedido,2022
Autocaravana Perfilada,Santarém,"5,0",3,80,4,4,B,sob pedido,autorizados,"Laika Transit 2,4 l 140 ch",2007,"3.500,0 kg",Diesel,30-50000 km,"80,0","800,00",Dinheiro,sob pedido,2022
Autocaravana Perfilada,Leiria,"5,0",15,85,5,5,B,autorizada,autorizados,Challenger Challenger,2013,"3.500,0 kg",Diesel,150-200000 km,"100,0","1 250,00","Dinheiro, Transferência",não fumadora,2020
Campervan,Montijo,"5,0",5,79,4,4,B,autorizada,autorizados,Volkswagen T6 2 l 150 ch,2019,"3.000,0 kg",Diesel,0-15000 km,"70,0","1 950,00",Cartão De Crédito,não fumadora,2022
Campervan,Montijo,"5,0",4,79,4,4,B,autorizada,autorizados,Volkwagen T6 2 l 102 ch,2019,"3.000,0 kg",Diesel,Desconhecido,"70,0","1 950,00",Cartão De Crédito,não fumadora,2022
Campervan,Montijo,"5,0",5,79,4,4,B,autorizada,autorizados,Volkswagen T6 2 l 150 ch,2022,"3.000,0 kg",Diesel,De 8 a 10 L / 100 km,"70,0","1 950,00",Cartão De Crédito,não fumadora,2022
Campervan,Montijo,"5,0",2,119,4,4,B,autorizada,autorizados,Volkswagen Grand California,2020,"3.500,0 kg",Diesel,Desconhecido,"75,0","1 950,00",Cartão De Crédito,não fumadora,2022
Autocaravana capucino,Lisboa,"5,0",1,70,2,4,B,sob pedido,autorizados,Bürstner FIAT DUCATO,1992,"2.800,0 kg",Diesel,"200-250,000 km","60,0","500,00","Dinheiro, Transferência",não fumadora,2022
Campervan,Almada,"5,0",4,40,3,3,B,sob pedido,autorizados,Hyundai,1999,"3.050,0 kg",Diesel,150-200000 km,"70,0","300,00","Dinheiro, Cheque",sob pedido,2022
Autocaravana capucino,Lisboa,"4,5",5,50,6,6,B,sob pedido,autorizados,Knaus Traveller,1992,"3.500,0 kg",Diesel,"100-150,000 km","70,0","600,00",Dinheiro,sob pedido,2022
Campervan,Lisboa,"4,5",3,40,3,2,B,não autorizadas,autorizados,Volkswagen T4,1999,"2.520,0 kg",Diesel,Desconhecido,"47,0","500,00",Dinheiro,não fumadora,2022
Campervan,Montijo,"5,0",1,119,4,4,B,autorizada,autorizados,Volkswagen Grand California,2020,"3.500,0 kg",Diesel,0-15000 km,"75,0","1 950,00",Cartão De Crédito,não fumadora,2022
Campervan,Montijo,"5,0",1,79,4,4,B,autorizada,autorizados,Volkswagen T6 2 l 102 ch,2019,"3.000,0 kg",Diesel,0-15000 km,"70,0","1 950,00",Cartão De Crédito,não fumadora,2022
Autocaravana capucino,Estoril,"4,5",2,20,6,4,B,sob pedido,sob pedido,Bürstner Fiat Ducato,1998,"3.200,0 kg",Diesel,"100-150,000 km","70,0","1 250,00","Dinheiro, Transferência",sob pedido,2023
Autocaravana capucino,Quinta do Conde,"4,5",3,60,6,6,B,não autorizadas,autorizados,Fiat ducato Ducato,1999,"3.200,0 kg",Diesel,150-200000 km,"80,0","600,00","Dinheiro, Transferência",não fumadora,2019
Furgão transformado,Lisboa,"5,0",2,130,4,4,B,não autorizadas,não autorizados,ArtCampers ZEN,2019,"3.000,0 kg",Diesel,Desconhecido,"80,0","2 000,00","Cartão De Crédito, Dinheiro, Transferência",sob pedido,2021
Campervan,Lisboa,"4,5",10,55,3,2,B,sob pedido,autorizados,VW T4 Insurance &amp;amp; All KM incl | MyVan Portugal,1999,"2.510,0 kg",Diesel,Desconhecido,"90,0","750,00",Transferência,sob pedido,2019
Furgão transformado,Oeiras,"4,5",3,55,3,2,B,sob pedido,autorizados,Citroën,1994,"3.100,0 kg",Nenhum aditivo,De 6 a 8 l / 100 km,"70,0","600,00","Dinheiro, Transferência",sob pedido,2022
Furgão transformado,Lisboa,"5,0",2,130,4,4,B,não autorizadas,autorizados,ArtCampers Endangered Species,2019,"3.000,0 kg",Diesel,Desconhecido,"80,0","2 000,00","Cartão De Crédito, Dinheiro, Transferência",sob pedido,2021
Campervan,Oeiras,"5,0",6,50,7,2,B,sob pedido,autorizados,Ford Transit 125 ch,1995,"2.830,0 kg",Diesel,15-30000 km,"55,0","600,00",Dinheiro,não fumadora,2022
Furgão transformado,Montijo,"5,0",4,89,4,4,B,autorizada,autorizados,Ducato MH2 2.3 120CV,2021,"3.000,0 kg",Diesel,0-15000 km,"70,0","1 950,00",Cartão De Crédito,não fumadora,2022
Furgão transformado,Lisboa,"5,0",1,130,4,4,B,não autorizadas,não autorizados,ArtCampers POP ART,2019,"2.000,0 kg",Diesel,Desconhecido,"80,0","2 000,00","Cartão De Crédito, Dinheiro, Transferência",sob pedido,2021
Furgão transformado,Fernão Ferro,"5,0",1,78,3,3,B,sob pedido,autorizados,"Camping-Cars Ligériens Master 2,3 l 130 ch",2012,"3.500,0 kg",Diesel,Desconhecido,"120,0","1 614,00","Cartão De Crédito, Cheque, Transferência",não fumadora,2019
Furgão transformado,Caldas da Rainha,"5,0",5,28,2,2,B,sob pedido,autorizados,Mercedes MB100d,1994,"2.800,0 kg",Diesel,150-200000 km,"60,0","500,00","Dinheiro, Outros, Transferência",sob pedido,2022
Furgão transformado,Fernão Ferro,"5,0",1,78,4,2,B,sob pedido,autorizados,Karmann Mobil,2018,"3.500,0 kg",Diesel,Desconhecido,"120,0","1 614,00","Cartão De Crédito, Cheque, Transferência",não fumadora,2019
Autocaravana Perfilada,Lisboa,"4,5",2,70,4,3,B,sob pedido,sob pedido,Challenger,2006,"3.500,0 kg",Diesel,50-75000 km,"70,0","1 500,00","Dinheiro, Outros",sob pedido,2022
Autocaravana capucino,Lisboa,"5,0",1,60,6,5,B,autorizada,autorizados,Mclouis Lagan,2003,"3.000,0 kg",Diesel,Desconhecido,"80,0","800,00","Dinheiro, Transferência, Outros",fumadora,2023
Autocaravana capucino,Lisboa,"5,0",1,60,6,6,B,autorizada,autorizados,Roller Team,2003,"3.500,0 kg",Diesel,Desconhecido,"80,0","800,00","Dinheiro, Transferência, Outros",fumadora,2023
Campervan,Sacavém,"4,5",7,65,4,2,B,não autorizadas,sob pedido,Hiace/Catiana Hiace,1988,"2.550,0 kg",Diesel,150-200000 km,"50,0","600,00","Dinheiro, Transferência",sob pedido,2022
Furgão transformado,Lisboa,"5,0",1,95,4,4,B,não autorizadas,não autorizados,ArtCampers RED,2020,"3.000,0 kg",Diesel,Desconhecido,"80,0","2 000,00","Cartão De Crédito, Dinheiro, Transferência",sob pedido,2021
Autocaravana capucino,Amadora,"5,0",3,80,6,6,B,sob pedido,sob pedido,Rimor Rimor Katamarano 2,2009,"3.500,0 kg",Diesel,50-75000 km,"70,0","1 300,00","Dinheiro, Transferência, Outros",não fumadora,2022
Autocaravana capucino,Sesimbra Castelo,"5,0",1,55,4,4,B,autorizada,autorizados,Challenger Challenger 133,2005,"3.400,0 kg",Diesel,75-100000 km,"80,0","2 000,00","Transferência, Dinheiro",não fumadora,2023
Autocaravana Perfilada,Lisboa,"4,5",3,65,4,4,B,sob pedido,autorizados,C.I. Ducato 2.3 JTD,2005,"3.400,0 kg",Diesel,50-75000 km,"80,0","900,00","Dinheiro, Transferência",não fumadora,2020
Campervan,Sacavém,"4,0",5,60,3,2,B,não autorizadas,sob pedido,ford ford,1981,"2.575,0 kg",Diesel,"100-150,000 km","50,0","600,00","Dinheiro, Transferência",sob pedido,2022
Furgão transformado,Palmela,"5,0",4,90,2,2,B,sob pedido,autorizados,Fiat Kyros 2 Crato,2017,"3.500,0 kg",Diesel,Desconhecido,"70,0","2 000,00","Cartão De Crédito, Dinheiro, Transferência",não fumadora,2019
Autocaravana capucino,Almeirim,"5,0",1,100,4,4,B,não autorizadas,não autorizados,Challenger 133,2004,"3.400,0 kg",Diesel,75-100000 km,"80,0","600,00",Dinheiro,não fumadora,2022
Autocaravana capucino,Leiria,"5,0",49,59,6,6,B,sob pedido,autorizados,P.L.A. 415,2015,"3.500,0 kg",Diesel,"100-150,000 km","100,0","1 250,00",Dinheiro,não fumadora,2019
Autocaravana capucino,Lisboa,"5,0",2,65,4,5,B,sob pedido,autorizados,"Dethleffs Ducato 2,3 l JTD 130 ch.",2003,"3.495,0 kg",Diesel,50-75000 km,"80,0","900,00","Dinheiro, Transferência",não fumadora,2020
Autocaravana capucino,Guincho,"5,0",19,96,4,4,B,sob pedido,não autorizados,Knaus 600 Meg,2008,"3.500,0 kg",Diesel,"100-150,000 km","75,0","1 250,00","Cartão De Crédito, Transferência, Outros",não fumadora,2020
Autocaravana Perfilada,Fátima,"5,0",6,70,4,5,B,sob pedido,sob pedido,"Laika Transit 2,4 l TDCi 140 ch.",2009,"3.500,0 kg",Diesel,50-75000 km,"70,0","500,00","Dinheiro, Transferência",sob pedido,2022
Autocaravana capucino,Amadora,"5,0",5,70,5,6,B,sob pedido,autorizados,Challenger Ducato 2.8L 127 cv,2004,"3.500,0 kg",Diesel,75-100000 km,"80,0","1 000,00","Dinheiro, Transferência, Outros",não fumadora,2022
Campervan,Foz do Arelho,"5,0",4,79,2,2,B,sob pedido,sob pedido,Custom Transit MK5 Longa/Alta,1988,"3.500,0 kg",Diesel,Mais 250.000 km,"80,0","700,00","Dinheiro, Transferência",sob pedido,2022
Autocaravana capucino,Loures,"5,0",9,85,4,4,B,autorizada,autorizados,Fiat McLuis,2007,"3.300,0 kg",Diesel,"100-150,000 km","90,0","750,00","Dinheiro, Transferência, Outros",não fumadora,2020
Furgão transformado,Loures,"5,0",3,110,2,4,B,autorizada,autorizados,"Font Vendôme Ducato 2,3 l 120 ch.",2010,"3.500,0 kg",Diesel,150-200000 km,"80,0","750,00","Dinheiro, Transferência",não fumadora,2020
Autocaravana Integral,Lisboa,"5,0",2,100,4,4,B,sob pedido,autorizados,Hymer,2011,"3.500,0 kg",Diesel,30-50000 km,"70,0","1 500,00","Dinheiro, Transferência",não fumadora,2022
Autocaravana Integral,Lisboa,"5,0",1,100,4,4,B,sob pedido,autorizados,Hymer Campswing 594,2008,"3.500,0 kg",Diesel,50-75000 km,"70,0","1 500,00","Dinheiro, Transferência",não fumadora,2022
Autocaravana capucino,Costa da Caparica,"5,0",2,70,6,6,B,sob pedido,sob pedido,Fiat,2001,"3.500,0 kg",Diesel,"100-150,000 km","100,0","1 000,00","Transferência, Dinheiro",sob pedido,2022
Outro,Loures,"3,0",2,45,2,2,B,sob pedido,sob pedido,Renault,1998,"1.870,0 kg",Diesel,"200-250,000 km","45,0","500,00","Dinheiro, Transferência",sob pedido,2022
Autocaravana Integral,Nazaré,"5,0",4,110,4,4,B,sob pedido,autorizados,Hymer exis 588,2015,"3.500,0 kg",Diesel,50-75000 km,"80,0","1 250,00","Dinheiro, Transferência",sob pedido,2022
Autocaravana capucino,Loures,"4,0",2,105,6,6,B,autorizada,autorizados,"Mclouis Al-Ko 2,3 l Multijet 130 ch.",2008,"3.500,0 kg",Diesel,75-100000 km,"80,0","750,00","Dinheiro, Transferência, Outros",não fumadora,2020
Autocaravana capucino,Lisboa,"4,5",11,85,6,5,B,autorizada,autorizados,Fiat CI International Carioca,2006,"3.500,0 kg",Diesel,"100-150,000 km","60,0","800,00","Dinheiro, Transferência",não fumadora,2022
Autocaravana Integral,Lisboa,"5,0",4,65,6,5,B,autorizada,autorizados,Hymer 554,1997,"3.200,0 kg",Diesel,"100-150,000 km","60,0","800,00","Dinheiro, Transferência",fumadora,2021
Autocaravana capucino,Sesimbra,"5,0",1,70,3,4,B,sob pedido,autorizados,Fiat,2000,"2.800,0 kg",Diesel,"100-150,000 km","70,0","500,00",Dinheiro,não fumadora,2022
Autocaravana capucino,Ericeira,"5,0",2,55,4,4,B,sob pedido,autorizados,Dethleffs 2.5,1995,"3.200,0 kg",Diesel,"200-250,000 km","80,0","750,00","Dinheiro, Outros, Transferência",não fumadora,2023
Autocaravana Integral,Pombal,"5,0",5,75,4,4,B,sob pedido,autorizados,Hymer Fiat Weinsberg,2003,"3.500,0 kg",Diesel,150-200000 km,"100,0","750,00","Dinheiro, Transferência",não fumadora,2021
Furgão transformado,Amadora,"4,5",12,60,4,4,B,sob pedido,sob pedido,BIG DREAM,1995,"3.500,0 kg",Diesel,Mais 250.000 km,"60,0","600,00",Dinheiro,não fumadora,2019
Autocaravana Perfilada,Cascais,"5,0",7,150,5,5,B,autorizada,não autorizados,Elnagh T-Loft 581,2018,"3.500,0 kg",Diesel,50-75000 km,"60,0","1 500,00","Dinheiro, Transferência",não fumadora,2019
Campervan,Setúbal,"5,0",7,70,3,3,B,não autorizadas,autorizados,"Mercedes Sprinter 2,3 l CDI 150 ch.",1995,"2.800,0 kg",Diesel,Desconhecido,"80,0","400,00",Dinheiro,não fumadora,2022
Autocaravana Integral,Lisboa,"5,0",4,100,4,4,B,sob pedido,autorizados,"Pilote Ducato 2,8 l 115 ch/Al-Ko",2000,"3.500,0 kg",Diesel,"100-150,000 km","65,0","800,00","Dinheiro, Transferência",não fumadora,2022
Autocaravana Integral,Lisboa,"4,0",1,60,4,6,B,sob pedido,autorizados,Hymer 644,1986,"3.100,0 kg",Diesel,"200-250,000 km","65,0","800,00","Cartão De Crédito, Dinheiro, Transferência",não fumadora,2021
Autocaravana capucino,Fernão Ferro,"5,0",1,65,6,6,B,autorizada,autorizados,Challenger Challenger,2003,"3.500,0 kg",Diesel,Desconhecido,"200,0","1 000,00",Dinheiro,fumadora,2023
Autocaravana Perfilada,Lobateira,"5,0",1,45,6,4,B,autorizada,autorizados,Moncayo Moncayo 2,2005,"3.500,0 kg",Diesel,75-100000 km,"100,0","1 000,00","Transferência, Dinheiro",fumadora,2023
Autocaravana Integral,Lisboa,"4,5",3,130,4,4,B,sob pedido,autorizados,Bürstner Aviano i670,2008,"3.500,0 kg",Diesel,Desconhecido,"80,0","1 500,00","Dinheiro, Transferência",não fumadora,2019
Autocaravana Perfilada,Lisboa,"5,0",6,110,4,4,B,não autorizadas,autorizados,Bürstner It 700,2015,"3.500,0 kg",Diesel,30-50000 km,"70,0","1 500,00",Transferência,não fumadora,2019
Autocaravana capucino,Monte Real,"5,0",2,108,5,6,B,autorizada,sob pedido,Challenger Genesis  47 M07,2007,"3.500,0 kg",Diesel,50-75000 km,"80,0","750,00","Dinheiro, Transferência",sob pedido,2022
Campervan,Lisboa,"5,0",2,75,3,2,B,não autorizadas,autorizados,Mercedes,1990,"2.800,0 kg",Diesel,Desconhecido,"40,0","750,00",Dinheiro,sob pedido,2022
Autocaravana capucino,Monte Real,"5,0",2,108,6,6,B,sob pedido,sob pedido,Rimor Katamarano,2007,"3.500,0 kg",Diesel,30-50000 km,"80,0","750,00","Dinheiro, Transferência, Outros",sob pedido,2022
Campervan,Corroios,"4,5",7,60,2,4,B,autorizada,autorizados,Mercedes Vito Mercedes,2000,"2.700,0 kg",Diesel,"200-250,000 km","60,0","800,00","Dinheiro, Outros, Transferência",fumadora,2022
Autocaravana capucino,Lisboa,"5,0",1,75,4,4,B,não autorizadas,autorizados,Rimor,2004,"3.500,0 kg",Diesel,75-100000 km,"80,0","1 250,00","Dinheiro, Transferência",não fumadora,2022
Autocaravana Integral,Sacavém,"5,0",5,85,4,5,B,sob pedido,não autorizados,Bürstner I 675 G,2007,"3.500,0 kg",Diesel,"100-150,000 km","90,0","1 000,00","Dinheiro, Transferência",não fumadora,2021
Autocaravana capucino,São João da Talha,"5,0",2,75,6,6,B,sob pedido,sob pedido,Enalgh Baron,2008,"3.500,0 kg",Diesel,50-75000 km,"90,0","850,00","Dinheiro, Transferência, Outros",sob pedido,2020
Furgão transformado,Sacavém,"4,5",8,70,2,2,B,não autorizadas,autorizados,Ford Transit,1978,"2.575,0 kg",Diesel,Desconhecido,"60,0","500,00","Dinheiro, Transferência",não fumadora,2022
Autocaravana capucino,Quinta do Conde,"5,0",4,50,6,6,B,não autorizadas,sob pedido,"Elnagh Ducato 2,8 l 115 ch/Al-Ko",2004,"3.500,0 kg",Diesel,75-100000 km,"100,0","1 300,00","Dinheiro, Transferência",não fumadora,2022
Campervan,Lisboa,"5,0",1,89,2,2,B,sob pedido,autorizados,Volkswagen Volkswagen T3,1989,"2.195,0 kg",Gasolina,150-200000 km,"60,0","600,00",Transferência,não fumadora,2021
Campervan,Lisboa,"4,5",11,90,4,4,B,não autorizadas,não autorizados,Fiat Ducato,1994,"3.500,0 kg",Diesel,Mais 250.000 km,"80,0","700,00","Cheque, Dinheiro, Transferência",sob pedido,2022
Autocaravana capucino,Amora,"5,0",2,85,4,6,B,autorizada,autorizados,Pilote Pilote A-650,2006,"3.400,0 kg",Diesel,75-100000 km,"70,0","1 000,00","Transferência, Dinheiro",não fumadora,2022
Campervan,Lisboa,"4,5",8,90,5,4,B,sob pedido,sob pedido,Westfalia California Coach,1992,"2.775,0 kg",Diesel,Mais 250.000 km,"80,0","700,00","Cheque, Dinheiro, Transferência",sob pedido,2022
Autocaravana capucino,Monte Real,"4,5",2,98,5,6,B,sob pedido,sob pedido,Caravansinternational XXL  Prestige BNMAC,2003,"3.200,0 kg",Diesel,"100-150,000 km","80,0","650,00","Dinheiro, Transferência",sob pedido,2022
Autocaravana capucino,Sesimbra,"5,0",4,85,4,4,B,sob pedido,autorizados,"Autostar Ducato 2,8 JTD l 128 ch/Al-Ko",2004,"3.500,0 kg",Diesel,150-200000 km,"100,0","1 000,00","Transferência, Dinheiro, Outros",não fumadora,2021
Campervan,Lisboa,"4,5",6,55,3,3,B,sob pedido,sob pedido,Renault Trafic,1994,"3.000,0 kg",Diesel,150-200000 km,"80,0","700,00","Cheque, Dinheiro, Transferência",sob pedido,2022
Autocaravana capucino,Calvaria de Cima,"5,0",2,90,4,6,B,sob pedido,autorizados,"Sunlight Transit 2,4 l TDCi 140 ch.",2009,"3.500,0 kg",Diesel,Desconhecido,"72,0","800,00",Dinheiro,não fumadora,2022
Autocaravana capucino,Odivelas,"5,0",4,70,6,6,B,sob pedido,autorizados,"Challenger Ducato 2,8 l 115 ch/Al-Ko",2001,"3.400,0 kg",Diesel,150-200000 km,"80,0","1 000,00","Dinheiro, Transferência",não fumadora,2020
Campervan,Lisboa,"4,5",3,120,2,4,B,sob pedido,autorizados,Volkswagen Westfalia,1973,"2.500,0 kg",Gasolina,50-75000 km,"70,0","800,00","Dinheiro, Transferência",sob pedido,2022
Campervan,Lisboa,"4,5",5,80,4,2,B,sob pedido,sob pedido,Multivan,2002,"2.590,0 kg",Diesel,Mais 250.000 km,"80,0","700,00","Dinheiro, Transferência",sob pedido,2022
Autocaravana capucino,Benedita,"5,0",2,70,6,6,B,sob pedido,autorizados,Bürstner A535,1998,"3.200,0 kg",Diesel,Desconhecido,"70,0","600,00",Dinheiro,não fumadora,2020
Autocaravana capucino,Setúbal,"5,0",1,69,4,4,B,autorizada,sob pedido,"Eura Mobil Jumper 2,0 l 110 ch",2002,"3.300,0 kg",Diesel,"100-150,000 km","60,0","1 000,00",Dinheiro,fumadora,2022
Autocaravana Perfilada,Leiria,"5,0",1,80,6,6,B,sob pedido,autorizados,Génésis 36 Ducato,2010,"3.500,0 kg",Diesel,150-200000 km,"80,0","1 250,00","Dinheiro, Transferência",não fumadora,2020
Autocaravana Perfilada,São Domingos de Rana,"5,0",14,90,4,4,B,sob pedido,não autorizados,Rimor 87 P,2007,"3.500,0 kg",Diesel,50-75000 km,"90,0","1 000,00","Dinheiro, Transferência, Outros",não fumadora,2019
Autocaravana capucino,Lisboa,"5,0",11,90,4,4,B,sob pedido,não autorizados,Karmann Mobil LT31 Karmann,1991,"3.200,0 kg",Diesel,150-200000 km,"100,0","1 000,00",Dinheiro,não fumadora,2019
Furgão transformado,Igreja Nova,"5,0",4,60,3,2,B,não autorizadas,não autorizados,Adaptada Trade,1992,"3.500,0 kg",Diesel,Mais 250.000 km,"60,0","800,00",Dinheiro,fumadora,2022
Autocaravana capucino,Setúbal,"5,0",5,60,6,6,B,sob pedido,autorizados,Fiat Rimor,1999,"3.200,0 kg",Nenhum aditivo,De 10 a 12 l / 100 km,"80,0","800,00","Dinheiro, Transferência",não fumadora,2022
Autocaravana capucino,Leiria,"5,0",1,70,5,7,B,sob pedido,não autorizados,Autostar,2000,"3.500,0 kg",Diesel,"200-250,000 km","200,0","1 000,00",Dinheiro,não fumadora,2022
Campervan,Estoril,"4,5",3,51,2,4,B,sob pedido,autorizados,NA NA,1989,"2.850,0 kg",Diesel,150-200000 km,"58,0","1 000,00","Dinheiro, Transferência",não fumadora,2021
Autocaravana capucino,Setúbal,"4,0",1,50,4,6,B,sob pedido,autorizados,Ford,1998,"2.720,0 kg",Diesel,150-200000 km,"70,0","500,00",Dinheiro,não fumadora,2022
Furgão transformado,Lisboa,"5,0",2,113,5,5,B,sob pedido,autorizados,Fiat Ducato 2.3 Van TI,2020,"3.500,0 kg",Diesel,15-30000 km,"100,0","800,00","Cartão De Crédito, Transferência",não fumadora,2022
Campervan,Lisboa,"5,0",3,106,4,4,B,sob pedido,autorizados,Fiat Fiat Weinsberg,2018,"3.300,0 kg",Diesel,30-50000 km,"120,0","800,00","Cartão De Crédito, Transferência, Outros",não fumadora,2022
Furgão transformado,Bebedouro,"5,0",8,55,3,3,B,sob pedido,autorizados,Opel Vivaro,2013,"2.790,0 kg",Diesel,Desconhecido,"55,0","400,00","Dinheiro, Transferência",sob pedido,2022
Campervan,Coimbra,"5,0",11,55,3,2,B,sob pedido,autorizados,Renault Master,2006,"2.800,0 kg",Diesel,"200-250,000 km","70,0","500,00",Dinheiro,não fumadora,2022
Autocaravana capucino,Caneças,"5,0",1,80,4,6,B,sob pedido,autorizados,Dethleffs FIAT DUCATO,1994,"3.500,0 kg",Diesel,150-200000 km,"80,0","600,00","Dinheiro, Transferência, Outros",sob pedido,2020
Autocaravana capucino,Colares,"5,0",1,60,2,4,B,sob pedido,não autorizados,"Fiat Ducato 1,9TD",2000,"2.200,0 kg",Diesel,De 6 a 8 l / 100 km,"70,0","1 000,00","Dinheiro, Dinheiro, Transferência",não fumadora,2022
Autocaravana capucino,Lisboa,"5,0",3,70,7,7,B,não autorizadas,não autorizados,Rimor superbrig 728 sprinter 312,1997,"3.500,0 kg",Diesel,Desconhecido,"80,0","500,00","Dinheiro, Transferência, Outros",não fumadora,2022
Autocaravana capucino,Cascais,"5,0",4,100,6,6,B,autorizada,autorizados,Chausson C646,2016,"3.500,0 kg",Diesel,30-50000 km,"80,0","1 500,00","Cartão De Crédito, Dinheiro, Transferência",não fumadora,2022
Autocaravana capucino,Carregado,"5,0",3,70,6,5,B,sob pedido,autorizados,Rimor,1999,"3.300,0 kg",Diesel,De 10 a 12 l / 100 km,"70,0","700,00","Dinheiro, Transferência",sob pedido,2022
Campervan,Lisboa,"5,0",19,110,4,4,B,sob pedido,não autorizados,Mercedes Marco Polo,2017,"3.100,0 kg",Diesel,0-15000 km,"70,0","1 250,00",Transferência,não fumadora,2022
Autocaravana capucino,Sapataria,"5,0",1,85,4,5,B,não autorizadas,não autorizados,Dethleffs Dethleffs,1994,"3.100,0 kg",Diesel,150-200000 km,"120,0","600,00","Dinheiro, Transferência, Outros",não fumadora,2022
Campervan,Póvoa de Santa Iria,"5,0",3,40,2,2,B,não autorizadas,autorizados,Vanbox Kangoo Maxi,2019,"2.200,0 kg",Diesel,0-15000 km,"55,0","2 000,00","Cartão De Crédito, Transferência",não fumadora,2019
Campervan,Sapataria,"5,0",1,70,3,2,B,não autorizadas,não autorizados,Ford Transit,1993,"2.820,0 kg",Diesel,75-100000 km,"120,0","500,00","Dinheiro, Transferência, Outros",não fumadora,2022
Campervan,Póvoa de Santa Iria,"5,0",5,40,2,2,B,não autorizadas,autorizados,Vanbox kangoo Maxi,2019,"2.200,0 kg",Diesel,0-15000 km,"55,0","2 000,00","Cartão De Crédito, Transferência",não fumadora,2019
Campervan,Póvoa de Santa Iria,"5,0",4,40,2,2,B,não autorizadas,autorizados,Vanbox Kangoo Maxi,2019,"2.200,0 kg",Diesel,0-15000 km,"55,0","2 000,00","Cartão De Crédito, Transferência",não fumadora,2019
Autocaravana capucino,Fátima,"5,0",3,50,4,4,B,não autorizadas,autorizados,Karmann Mobil,1994,"2.890,0 kg",Diesel,"100-150,000 km","80,0","500,00","Transferência, Outros, Dinheiro",não fumadora,2022
Autocaravana capucino,Lisboa,"4,5",3,70,7,7,B,não autorizadas,sob pedido,Rimor 748 superbrig,1999,"3.500,0 kg",Diesel,Desconhecido,"80,0","500,00","Dinheiro, Transferência, Outros",sob pedido,2022
Campervan,Loures,"4,5",8,85,4,3,B,autorizada,autorizados,Volkswagen T4,2001,"2.680,0 kg",Diesel,Mais 250.000 km,"70,0","500,00","Cartão De Crédito, Dinheiro, Transferência",não fumadora,2020
Campervan,Póvoa de Santa Iria,"5,0",1,40,2,2,B,não autorizadas,autorizados,Vanbox Kangoo Maxi,2019,"2.200,0 kg",Diesel,0-15000 km,"55,0","2 000,00","Cartão De Crédito, Transferência",não fumadora,2019
Autocaravana capucino,Lisboa,"4,5",9,70,6,6,B,sob pedido,autorizados,Moncayo Moncayo 1 (M-360),2003,"3.500,0 kg",Diesel,De 10 a 12 l / 100 km,"80,0","750,00","Dinheiro, Transferência, Outros",sob pedido,2020
Campervan,Póvoa de Santa Iria,"4,5",2,40,2,2,B,não autorizadas,autorizados,Vanbox kangoo Maxi,2019,"2.200,0 kg",Diesel,0-15000 km,"55,0","2 000,00","Cartão De Crédito, Transferência",não fumadora,2019
Autocaravana capucino,Sertã,"5,0",4,65,4,4,B,sob pedido,autorizados,Bürstner,2006,"3.400,0 kg",Diesel,50-75000 km,"50,0","800,00","Transferência, Outros, Dinheiro",sob pedido,2022
Campervan,Coimbra,"5,0",14,50,3,2,B,sob pedido,autorizados,T4 1.9TD,1997,"2.510,0 kg",Diesel,150-200000 km,"70,0","400,00",Dinheiro,não fumadora,2022
Autocaravana capucino,Maxiais,"5,0",8,60,4,6,B,não autorizadas,não autorizados,C.I. Fiat Weinsberg,1995,"3.400,0 kg",Diesel,75-100000 km,"65,0","500,00","Dinheiro, Transferência",não fumadora,2021
Campervan,Lisboa,"5,0",3,60,3,2,B,sob pedido,autorizados,"transit Transit 2,4 l 115 ch",2003,"3.280,0 kg",Diesel,Mais 250.000 km,"50,0","800,00","Transferência, Dinheiro",sob pedido,2021
Furgão transformado,Sobreda da Caparica,"5,0",2,79,4,4,B,sob pedido,não autorizados,ducato Ducato,2016,"3.500,0 kg",Diesel,0-15000 km,"80,0","2 000,00","Cartão De Crédito, Transferência, Outros, Dinheiro",não fumadora,2017
Autocaravana capucino,Lisboa,"5,0",3,70,4,7,B,sob pedido,sob pedido,Rimor,2000,"3.500,0 kg",Diesel,Desconhecido,"80,0","500,00","Cheque, Dinheiro, Transferência, Outros",sob pedido,2022
Autocaravana capucino,Fonte da Cheira,"5,0",10,65,4,5,B,sob pedido,não autorizados,Hymer swing,1997,"3.400,0 kg",Diesel,150-200000 km,"70,0","1 200,00","Cheque, Dinheiro, Transferência",não fumadora,2022
Autocaravana Integral,Caneças,"4,5",12,70,4,4,B,não autorizadas,autorizados,Bürstner I647,1999,"3.500,0 kg",Diesel,"100-150,000 km","80,0","900,00","Dinheiro, Transferência, Outros",sob pedido,2019
Campervan,Brandoa,"5,0",4,49,3,2,B,sob pedido,sob pedido,"Renault Master 2,5 l dCi 120 ch.",2002,"2.800,0 kg",Diesel,"200-250,000 km","80,0","750,00","Cartão De Crédito, Dinheiro, Transferência, Outros",sob pedido,2022
Autocaravana capucino,Torres Vedras,"4,5",5,80,4,6,B,não autorizadas,sob pedido,Bürstner A625,2005,"3.500,0 kg",Diesel,150-200000 km,"65,0","600,00",Dinheiro,não fumadora,2022
Autocaravana capucino,São João da Talha,"5,0",13,60,6,6,B,sob pedido,sob pedido,Sharky Sharky,2008,"3.500,0 kg",Diesel,Desconhecido,"90,0","850,00","Dinheiro, Transferência, Outros",sob pedido,2020
Autocaravana capucino,Figueira da Foz,"4,5",2,80,4,5,B,autorizada,autorizados,Chausson Welcome 8,2004,"3.400,0 kg",Diesel,75-100000 km,"70,0","1 000,00",Dinheiro,não fumadora,2022
Campervan,São João das Lampas,"5,0",1,60,4,2,B,sob pedido,sob pedido,Mercedes Sprinter,1996,"2.800,0 kg",Diesel,150-200000 km,"80,0","600,00","Dinheiro, Transferência",não fumadora,2020
Autocaravana capucino,Lisboa,"4,5",3,47,4,4,B,sob pedido,sob pedido,Fiat Ducato,1995,"2.750,0 kg",Diesel,75-100000 km,"70,0","750,00",Dinheiro,sob pedido,2019
Autocaravana Integral,Tomar,"5,0",4,70,4,6,B,sob pedido,sob pedido,"Niesmann+Bischoff Ducato 2,5 TD",1998,"3.500,0 kg",Diesel,"200-250,000 km","140,0","1 500,00","Outros, Dinheiro",sob pedido,2021
Autocaravana Perfilada,Fátima,"4,5",16,49,4,5,B,autorizada,autorizados,Mobilvetta Fiat Weinsberg,1995,"3.200,0 kg",Diesel,150-200000 km,"70,0","600,00",Transferência,não fumadora,2022
Autocaravana Perfilada,Vila Viçosa,"5,0",7,95,4,4,B,autorizada,autorizados,Pilote P706 C Essentiel,2018,"3.500,0 kg",Diesel,Desconhecido,"80,0","1 250,00","Cartão De Crédito, Dinheiro, Transferência",não fumadora,2021
Autocaravana capucino,Odivelas,"4,5",6,80,6,6,B,sob pedido,não autorizados,Mizar 371 Ducato 2.8 Idti,2000,"3.200,0 kg",Diesel,75-100000 km,"80,0","1 250,00","Dinheiro, Transferência",não fumadora,2020
Autocaravana capucino,Benedita,"5,0",3,55,6,5,B,sob pedido,sob pedido,Bürstner Ducato 1.9,1996,"3.200,0 kg",Diesel,"200-250,000 km","70,0","600,00","Dinheiro, Transferência, Outros",não fumadora,2022
Autocaravana capucino,Bajouca,"5,0",1,150,2,3,B,sob pedido,autorizados,Frankia Hilux,1990,"2.395,0 kg",Diesel,150-200000 km,"50,0","800,00","Cartão De Crédito, Dinheiro, Transferência",sob pedido,2020
Autocaravana Integral,Alverca do Ribatejo,"5,0",1,80,4,4,B,sob pedido,autorizados,Niesmann+Bischoff Arto 7.4,2005,"3.500,0 kg",Diesel,"100-150,000 km","75,0","1 500,00","Dinheiro, Transferência",sob pedido,2022
Autocaravana Integral,Fernão Ferro,"4,0",2,92,4,4,B,sob pedido,autorizados,Rimor Ducato 120 Multijet,2019,"3.500,0 kg",Diesel,Desconhecido,"120,0","1 614,00","Cartão De Crédito, Cheque, Transferência",não fumadora,2019
Campervan,Colares,"4,5",10,65,5,4,B,não autorizadas,autorizados,Westfalia Bay,1974,"2.250,0 kg",Gasolina,"100-150,000 km","30,0","600,00","Dinheiro, Transferência",não fumadora,2020
Furgão transformado,São João das Lampas,"5,0",2,58,2,2,B,sob pedido,não autorizados,Ford Transit Connect TDCi 90 ch.,2006,"2.340,0 kg",Diesel,Desconhecido,"60,0","500,00","Cartão De Crédito, Dinheiro, Transferência, Outros",sob pedido,2022
Furgão transformado,Fernão Ferro,"5,0",1,78,4,4,B,sob pedido,autorizados,Sunlight,2019,"3.499,0 kg",Diesel,Desconhecido,"80,0","1 614,00","Cartão De Crédito, Cheque, Transferência",não fumadora,2019
Autocaravana capucino,Lisboa,"5,0",1,45,6,5,B,sob pedido,autorizados,Dethleffs,1990,"3.100,0 kg",Diesel,150-200000 km,"70,0","300,00","Dinheiro, Transferência",sob pedido,2022
Autocaravana capucino,Amora,"5,0",5,85,4,6,B,sob pedido,autorizados,Bürstner A 670 G,2000,"3.500,0 kg",Diesel,75-100000 km,"60,0","530,00",Dinheiro,não fumadora,2019
Campervan,Coimbra,"5,0",11,85,4,3,B,sob pedido,autorizados,Knaus 600 Me,2019,"3.500,0 kg",Diesel,15-30000 km,"120,0","1 250,00","Dinheiro, Transferência",não fumadora,2020
Autocaravana capucino,"Viso, Liceia","5,0",6,60,6,6,B,autorizada,autorizados,"Fiat Ducato 2,8 l 115 ch/Al-Ko",2006,"3.500,0 kg",Diesel,75-100000 km,"70,0","1 000,00",Dinheiro,não fumadora,2022
Autocaravana capucino,Benedita,"5,0",1,60,6,6,B,autorizada,autorizados,Knaus,1993,"3.400,0 kg",Diesel,75-100000 km,"50,0","500,00","Cartão De Crédito, Dinheiro, Transferência, Outros",não fumadora,2022
Autocaravana Perfilada,Coimbra,"5,0",4,65,5,2,B,autorizada,autorizados,Rimor 645 tc,2006,"3.500,0 kg",Diesel,"100-150,000 km","80,0","1 000,00","Cheque, Dinheiro, Transferência, Outros",não fumadora,2022
Autocaravana Integral,Caneças,"4,5",5,60,6,6,B,sob pedido,autorizados,Hymer 598,2001,"3.500,0 kg",Diesel,"100-150,000 km","75,0","500,00","Dinheiro, Transferência, Outros",sob pedido,2022
Autocaravana capucino,"Cantanhede, Portugal","5,0",3,90,6,5,B,sob pedido,autorizados,"Challenger Transit 2,4 l TDCi 140 ch.",2009,"3.500,0 kg",Diesel,30-50000 km,"70,0","1 000,00","Dinheiro, Transferência",não fumadora,2022
Autocaravana capucino,venda nova bolho,"5,0",3,69,6,7,B,sob pedido,autorizados,Rimor rimor,2009,"3.500,0 kg",Diesel,De 10 a 12 l / 100 km,"60,0","750,00",Dinheiro,não fumadora,2022
Campervan,Lisboa,"5,0",23,80,6,5,B,não autorizadas,sob pedido,Westfalia Sven Hedin,1981,"2.800,0 kg",Diesel,De 8 a 10 L / 100 km,"50,0","950,00","Dinheiro, Transferência, Outros",não fumadora,2022
Autocaravana capucino,Odivelas,"5,0",3,45,6,4,B,sob pedido,autorizados,Bürstner,2002,"3.200,0 kg",Diesel,75-100000 km,"100,0","800,00","Dinheiro, Transferência",não fumadora,2022
Autocaravana Perfilada,Coimbra,"5,0",1,35,2,2,B,sob pedido,autorizados,Chausson Ducato,1999,"3.200,0 kg",Diesel,150-200000 km,"80,0","750,00","Dinheiro, Transferência",não fumadora,2022
Autocaravana capucino,venda nova bolho,"5,0",2,59,5,6,B,sob pedido,autorizados,Fiat joint,2005,"3.400,0 kg",Diesel,75-100000 km,"60,0","750,00",Dinheiro,não fumadora,2022
Furgão transformado,Barreiro,"4,5",5,49,3,3,B,sob pedido,sob pedido,Mercedes 208 DX,1989,"3.500,0 kg",Diesel,150-200000 km,"65,0","600,00",Dinheiro,sob pedido,2019
Furgão transformado,Sesimbra,"5,0",15,50,5,4,B,sob pedido,sob pedido,Fiat Ducato 2 l 115 ch,1995,"3.500,0 kg",Diesel,150-200000 km,"70,0","700,00","Dinheiro, Transferência",fumadora,2019
Furgão transformado,Lisboa,"5,0",3,59,3,2,B,não autorizadas,autorizados,Toyota HiAce,1989,"2.550,0 kg",Diesel,De 6 a 8 l / 100 km,"60,0","500,00",Dinheiro,não fumadora,2021
Autocaravana capucino,Charneca de Caparica,"5,0",6,70,6,5,B,sob pedido,sob pedido,Hymer,2000,"3.400,0 kg",Diesel,"100-150,000 km","60,0","1 000,00","Dinheiro, Transferência, Outros, Dinheiro, Transferência, Outros",não fumadora,2022
Autocaravana capucino,Coimbra,"5,0",2,70,4,5,B,sob pedido,sob pedido,Knaus KNAUS,1992,"3.100,0 kg",Diesel,150-200000 km,"75,0","800,00","Transferência, Dinheiro, Transferência",sob pedido,2022
Autocaravana Perfilada,Coimbra,"5,0",1,60,4,6,B,autorizada,autorizados,Eura Mobil Ford,2008,"3.500,0 kg",Diesel,30-50000 km,"80,0","1 500,00","Cheque, Transferência, Dinheiro",sob pedido,2022
Campervan,Évora,"5,0",4,55,3,3,B,sob pedido,autorizados,Ford Transit,1982,"2.575,0 kg",Diesel,150-200000 km,"50,0","600,00",Dinheiro,sob pedido,2022
Autocaravana capucino,Lisboa,"4,5",12,75,4,7,B,não autorizadas,autorizados,Rimor Rimor,1998,"3.300,0 kg",Diesel,De 10 a 12 l / 100 km,"60,0","600,00","Dinheiro, Transferência",fumadora,2020
Autocaravana capucino,Évora,"5,0",2,125,5,5,B,não autorizadas,não autorizados,Chausson Trigano,2012,"3.500,0 kg",Diesel,50-75000 km,"70,0","650,00",Dinheiro,não fumadora,2022
Autocaravana capucino,Monte do Trigo,"5,0",8,85,6,7,B,autorizada,sob pedido,Fiat Rimor,2008,"3.500,0 kg",Diesel,Desconhecido,"60,0","1 250,00",Outros,fumadora,2022
Autocaravana Perfilada,Grândola,"5,0",1,80,5,4,B,autorizada,autorizados,"Rimor Transit 2,4 l 140 ch",2005,"3.500,0 kg",Diesel,50-75000 km,"50,0","400,00","Dinheiro, Outros",não fumadora,2022
Autocaravana capucino,Vila Nova de Poiares,"5,0",1,80,6,6,B,sob pedido,sob pedido,Moncayo,2008,"3.300,0 kg",Diesel,De 10 a 12 l / 100 km,"80,0","1 500,00","Transferência, Dinheiro",sob pedido,2023
Campervan,Arazede,"5,0",1,90,3,3,B,sob pedido,sob pedido,Volkswagen Transporter T3,1984,"2.600,0 kg",Diesel,"200-250,000 km","45,0","500,00",Dinheiro,sob pedido,2022
